ErrorDocument 404 /medias/surf_session/index.php

RedirectPermanent /medias/surf_session/session_epique_ombak_tujuh_1.php http://www.mango-surf.com/session/session-epique-ombak-tujuh--1406.html
RedirectPermanent /medias/surf_session/land_vague_plus_belle_vie_2.php http://www.mango-surf.com/session/land-vague-plus-belle-vie--1407.html
RedirectPermanent /medias/surf_session/derniere_session_lennox_head_3.php http://www.mango-surf.com/session/derniere-session-lennox-head--1408.html
RedirectPermanent /medias/surf_session/session_spot_turtles_en_compagnie_windsurfers_4.php http://www.mango-surf.com/session/session-spot-turtles-en-compagnie-windsurfers--1409.html
RedirectPermanent /medias/surf_session/petite_session_spot_el_paraiso_5.php http://www.mango-surf.com/session/petite-session-spot-del-paraiso--1410.html
RedirectPermanent /medias/surf_session/petites_vagues_spot_escolleras_ixtapa_6.php http://www.mango-surf.com/session/petites-vagues-spot-descolleras-ixtapa--1411.html
RedirectPermanent /medias/surf_session/barrel_soleil_gros_wipe_out_pascuales_7.php http://www.mango-surf.com/session/barrel-soleil-gros-wipe-out-pascuales--1412.html
RedirectPermanent /medias/surf_session/decouverte_vague_puerto_escondido_8.php http://www.mango-surf.com/session/decouverte-vague-puerto-escondido--1413.html
RedirectPermanent /medias/surf_session/puerto_escondido_solides_conditions_9.php http://www.mango-surf.com/session/puerto-escondido-solides-conditions--1414.html
RedirectPermanent /medias/surf_session/road_surf_club_quiberon_10.php http://www.mango-surf.com/session/road-surf-club-quiberon--1415.html
RedirectPermanent /medias/surf_session/road_surf_club_en_vendee_13.php http://www.mango-surf.com/session/road-surf-club-en-vendee--1416.html
RedirectPermanent /medias/surf_session/bonne_houle_en_mediterranee_19.php http://www.mango-surf.com/session/bonne-houle-en-mediterranee--1417.html
RedirectPermanent /medias/surf_session/sessions_pro_junior_rudy_marechal_team_sooruz_20.php http://www.mango-surf.com/session/sessions-pro-junior-rudy-marechal-team-sooruz--1418.html
RedirectPermanent /medias/surf_session/road_surf_club_landes_22.php http://www.mango-surf.com/session/road-surf-club-landes--1419.html
RedirectPermanent /medias/surf_session/pays_basque_accueille_road_surf_club_23.php http://www.mango-surf.com/session/pays-basque-accueille-road-surf-club--1420.html
RedirectPermanent /medias/surf_session/surf_dauphins_puerto_viejo_31.php http://www.mango-surf.com/session/surf-dauphins-puerto-viejo--1421.html
RedirectPermanent /medias/surf_session/session_long_ride_plus_longue_gauche_monde_puerto_chicama_35.php http://www.mango-surf.com/session/session-long-ride-plus-longue-gauche-monde-puerto-chicama--1422.html
RedirectPermanent /medias/surf_session/mission_ratee_el_faro_37.php http://www.mango-surf.com/session/mission-ratee-el-faro--1423.html
RedirectPermanent /medias/surf_session/huanchaco_vague_marche_temps_38.php http://www.mango-surf.com/session/huanchaco-vague-marche-temps--1424.html
RedirectPermanent /medias/surf_session/gros_coup_sud_en_mediterranee_42.php http://www.mango-surf.com/session/gros-coup-sud-en-mediterranee--1425.html
RedirectPermanent /medias/surf_session/mistral_gagnant_47.php http://www.mango-surf.com/session/mistral-gagnant--1426.html
RedirectPermanent /medias/surf_session/session_sablettes_bonheur_50.php http://www.mango-surf.com/session/session-sablettes-bonheur--1427.html
RedirectPermanent /medias/surf_session/mark_matthews_surfe_tube_plus_enorme_vie_52.php http://www.mango-surf.com/session/mark-matthews-surfe-tube-plus-enorme-vie--1428.html
RedirectPermanent /medias/surf_session/premier_tatouage_spot_sapinus_54.php http://www.mango-surf.com/session/premier-tatouage-spot-sapinus--1429.html
RedirectPermanent /medias/surf_session/taapuna_vague_tube_temps_55.php http://www.mango-surf.com/session/taapuna-vague-tube-temps--1430.html
RedirectPermanent /medias/surf_session/haapiti_session_tranquille_quelques_locaux_57.php http://www.mango-surf.com/session/haapiti-session-tranquille-quelques-locaux--1431.html
RedirectPermanent /medias/surf_session/miri_miri_premiere_droite_trip_58.php http://www.mango-surf.com/session/miri-miri-premiere-droite-trip--1432.html
RedirectPermanent /medias/surf_session/avatoru_petite_droite_deroule_cadre_magique_59.php http://www.mango-surf.com/session/avatoru-petite-droite-deroule-cadre-magique--1433.html
RedirectPermanent /medias/surf_session/baie_atuona_petit_beach_break_bout_monde_60.php http://www.mango-surf.com/session/baie-datuona-petit-beach-break-bout-monde--1434.html
RedirectPermanent /medias/surf_session/teahupoo_en_compagnie_jamie_brien_maya_gabeira_61.php http://www.mango-surf.com/session/teahupoo-en-compagnie-jamie-obrien-maya-gabeira--1435.html
RedirectPermanent /medias/surf_session/laird_hamilton_team_oxbow_jaws_62.php http://www.mango-surf.com/session/laird-hamilton-team-oxbow-jaws--1436.html
RedirectPermanent /medias/surf_session/grosse_frayeur_jason_kai_depose_laird_en_haut_machoire_65.php http://www.mango-surf.com/session/grosse-frayeur-jason-kai-depose-laird-en-haut-machoire--1437.html
RedirectPermanent /medias/surf_session/algerie_vient_qualifier_coupe_monde_nouvelles_destinations_surf_66.php http://www.mango-surf.com/session/algerie-vient-qualifier-coupe-monde-nouvelles-destinations-surf--1438.html
RedirectPermanent /medias/surf_session/team_windy_reef_waterboys_saint_martin_on_fire_69.php http://www.mango-surf.com/session/team-windy-reef-waterboys-saint-martin-on-fire--1439.html
RedirectPermanent /medias/surf_session/road_surf_club_en_mission_maroc_77.php http://www.mango-surf.com/session/road-surf-club-en-mission-maroc--1440.html
RedirectPermanent /medias/surf_session/pointe_ancres_longue_droite_interminable_73.php http://www.mango-surf.com/session/pointe-ancres-longue-droite-interminable--1441.html
RedirectPermanent /medias/surf_session/arthur_bourbon_score_joli_slab_loire_atlantique_75.php http://www.mango-surf.com/session/arthur-bourbon-score-joli-slab-loire-atlantique--1442.html
RedirectPermanent /medias/surf_session/off_the_wall_rockpiles_80.php http://www.mango-surf.com/session/off-the-wall-rockpiles--1443.html
RedirectPermanent /medias/surf_session/pinetrees_lieu_particulier_session_magique_81.php http://www.mango-surf.com/session/pinetrees-lieu-particulier-session-magique--1444.html
RedirectPermanent /medias/surf_session/tunnels_petite_gauche_sympa_82.php http://www.mango-surf.com/session/tunnels-petite-gauche-sympa--1445.html
RedirectPermanent /medias/surf_session/session_frustration_honolua_bay_83.php http://www.mango-surf.com/session/session-frustration-honolua-bay--1446.html
RedirectPermanent /medias/surf_session/surf_trip_alger_86.php http://www.mango-surf.com/session/surf-trip-alger--1447.html
RedirectPermanent /medias/surf_session/surf_sessions.php http://www.mango-surf.com/session/