ErrorDocument 404 /medias/actu_locale_surf/index.php

RedirectPermanent /medias/actu_locale_surf/european_bodyboard_tour_anglet_100.php http://www.mango-surf.com/news/locale/european-bodyboard-tour-anglet--726.html
RedirectPermanent /medias/actu_locale_surf/domination_basque_french_bodyboard_pro_101.php http://www.mango-surf.com/news/locale/domination-basque-french-bodyboard-pro--727.html
RedirectPermanent /medias/actu_locale_surf/hourtin_surf_club_organise_hourtin_masters_102.php http://www.mango-surf.com/news/locale/hourtin-surf-club-organise-hourtin-masters--728.html
RedirectPermanent /medias/actu_locale_surf/non_construction_port_methanier_verdon_33_103.php http://www.mango-surf.com/news/locale/non-construction-port-methanier-verdon-33--729.html
RedirectPermanent /medias/actu_locale_surf/resultats_coupes_france_longboard_surf_tandem_104.php http://www.mango-surf.com/news/locale/resultats-coupes-france-longboard-surf-tandem--730.html
RedirectPermanent /medias/actu_locale_surf/championnats_france_surf_2007_biarritz_105.php http://www.mango-surf.com/news/locale/championnats-france-surf-2007-biarritz--731.html
RedirectPermanent /medias/actu_locale_surf/billet_pipeline_bodysurf_classic_hawaii_106.php http://www.mango-surf.com/news/locale/billet-pipeline-bodysurf-classic-hawaii--732.html
RedirectPermanent /medias/actu_locale_surf/decembre_sooruz_ouvre_son_pro_shop_bordeaux_107.php http://www.mango-surf.com/news/locale/decembre-sooruz-ouvre-son-pro-shop-bordeaux--733.html
RedirectPermanent /medias/actu_locale_surf/nouveau_surf_club_paris_108.php http://www.mango-surf.com/news/locale/nouveau-surf-club-paris--734.html
RedirectPermanent /medias/actu_locale_surf/adhesions_2008_soa_surf_club_109.php http://www.mango-surf.com/news/locale/adhesions-2008-soa-surf-club--735.html
RedirectPermanent /medias/actu_locale_surf/trip_road_surf_club_110.php http://www.mango-surf.com/news/locale/trip-road-surf-club--736.html
RedirectPermanent /medias/actu_locale_surf/tandem_stand_up_paddle_forum_association_nalu_enfin_en_ligne_111.php http://www.mango-surf.com/news/locale/tandem-stand-up-paddle-forum-association-nalu-enfin-en-ligne--737.html
RedirectPermanent /medias/actu_locale_surf/siouville_surf_open_112.php http://www.mango-surf.com/news/locale/siouville-surf-open--738.html
RedirectPermanent /medias/actu_locale_surf/bic_kids_one_design_tour_113.php http://www.mango-surf.com/news/locale/bic-kids-one-design-tour--739.html
RedirectPermanent /medias/actu_locale_surf/king_of_the_groms_premiere_serie_francaise_16_juin_bidart_114.php http://www.mango-surf.com/news/locale/king-of-the-groms-premiere-serie-francaise-16-juin-bidart--740.html
RedirectPermanent /medias/actu_locale_surf/president_eurosima_fait_son_show_115.php http://www.mango-surf.com/news/locale/president-eurosima-fait-son-show--741.html
RedirectPermanent /medias/actu_locale_surf/coupe_france_longboard_surf_tandem_en_vendee_116.php http://www.mango-surf.com/news/locale/coupe-france-longboard-surf-tandem-en-vendee--742.html
RedirectPermanent /medias/actu_locale_surf/resultats_bic_kids_one_design_plouharnel_117.php http://www.mango-surf.com/news/locale/resultats-bic-kids-one-design-plouharnel--743.html
RedirectPermanent /medias/actu_locale_surf/premiere_etape_kid_week_tour_cap_ferret_118.php http://www.mango-surf.com/news/locale/premiere-etape-kid-week-tour-cap-ferret--744.html
RedirectPermanent /medias/actu_locale_surf/fete_surf_mayotte_objectif_atteint_119.php http://www.mango-surf.com/news/locale/fete-surf-mayotte-objectif-atteint--745.html
RedirectPermanent /medias/actu_locale_surf/king_of_the_groms_2eme_etape_francaise_anglet_120.php http://www.mango-surf.com/news/locale/king-of-the-groms-2eme-etape-francaise-anglet--746.html
RedirectPermanent /medias/actu_locale_surf/succes_1ere_edition_billabong_girls_days_121.php http://www.mango-surf.com/news/locale/succes-1ere-edition-billabong-girls-days--747.html
RedirectPermanent /medias/actu_locale_surf/donavon_frankenreiter_en_concert_hossegor_27_juillet_122.php http://www.mango-surf.com/news/locale/donavon-frankenreiter-en-concert-hossegor-27-juillet--748.html
RedirectPermanent /medias/actu_locale_surf/oxbow_kid_week_tour_kids_sports_extreme_123.php http://www.mango-surf.com/news/locale/oxbow-kid-week-tour-kids-sports-extreme--749.html
RedirectPermanent /medias/actu_locale_surf/soulac_surf_club_resultats_compte_rendu_festisurf_07_124.php http://www.mango-surf.com/news/locale/soulac-surf-club-resultats-compte-rendu-festisurf-07--750.html
RedirectPermanent /medias/actu_locale_surf/biarritz_fete_2007_50e_anniversaire_arrivee_surf_125.php http://www.mango-surf.com/news/locale/biarritz-fete-2007-50e-anniversaire-arrivee-surf--751.html
RedirectPermanent /medias/actu_locale_surf/journees_decouvertes_surf_ffs_126.php http://www.mango-surf.com/news/locale/journees-decouvertes-surf-ffs--752.html
RedirectPermanent /medias/actu_locale_surf/suspense_plage_palue_127.php http://www.mango-surf.com/news/locale/suspense-plage-palue--753.html
RedirectPermanent /medias/actu_locale_surf/jnic_clap_fin_128.php http://www.mango-surf.com/news/locale/jnic-clap-fin--754.html
RedirectPermanent /medias/actu_locale_surf/oxbow_kid_week_129.php http://www.mango-surf.com/news/locale/oxbow-kid-week--755.html
RedirectPermanent /medias/actu_locale_surf/fin_suspense_epreuve_surf_jeux_nautiques_130.php http://www.mango-surf.com/news/locale/fin-suspense-epreuve-surf-jeux-nautiques--756.html
RedirectPermanent /medias/actu_locale_surf/bonheur_2eme_edition_surf_jubile_saint_girons_131.php http://www.mango-surf.com/news/locale/bonheur-2eme-edition-surf-jubile-saint-girons--757.html
RedirectPermanent /medias/actu_locale_surf/equipe_tahitienne_jeux_pacifique_sud_132.php http://www.mango-surf.com/news/locale/equipe-tahitienne-jeux-pacifique-sud--758.html
RedirectPermanent /medias/actu_locale_surf/tetards_tontons_133.php http://www.mango-surf.com/news/locale/tetards-tontons--759.html
RedirectPermanent /medias/actu_locale_surf/hoalen_saltwater_classic_134.php http://www.mango-surf.com/news/locale/hoalen-saltwater-classic--760.html
RedirectPermanent /medias/actu_locale_surf/donavon_frankenreiter_live_in_hossegor_135.php http://www.mango-surf.com/news/locale/donavon-frankenreiter-live-in-hossegor--761.html
RedirectPermanent /medias/actu_locale_surf/oxbow_ocean_spirit_136.php http://www.mango-surf.com/news/locale/oxbow-ocean-spirit--762.html
RedirectPermanent /medias/actu_locale_surf/eurosima_waterman_ball_2007_hossegor_137.php http://www.mango-surf.com/news/locale/eurosima-waterman-ball-2007-hossegor--763.html
RedirectPermanent /medias/actu_locale_surf/surf_academy_fait_son_show_lacanau_138.php http://www.mango-surf.com/news/locale/surf-academy-fait-son-show-lacanau--764.html
RedirectPermanent /medias/actu_locale_surf/darren_handley_en_visite_exceptionnelle_hossegor_139.php http://www.mango-surf.com/news/locale/darren-handley-en-visite-exceptionnelle-hossegor--765.html
RedirectPermanent /medias/actu_locale_surf/aviron_bayonnais_presente_surf_nive_140.php http://www.mango-surf.com/news/locale/aviron-bayonnais-presente-surf-nive--766.html
RedirectPermanent /medias/actu_locale_surf/championnats_france_masters_2007_hourtin_141.php http://www.mango-surf.com/news/locale/championnats-france-masters-2007-hourtin--767.html
RedirectPermanent /medias/actu_locale_surf/bientot_quiksilver_eyewear_paddle_board_race_142.php http://www.mango-surf.com/news/locale/bientot-quiksilver-eyewear-paddle-board-race--768.html
RedirectPermanent /medias/actu_locale_surf/lacanau_watermen_ocean_games_invitational_143.php http://www.mango-surf.com/news/locale/lacanau-watermen-ocean-games-invitational--769.html
RedirectPermanent /medias/actu_locale_surf/festisurf_2007_hossegor_1er_septembre_144.php http://www.mango-surf.com/news/locale/festisurf-2007-hossegor-1er-septembre--770.html
RedirectPermanent /medias/actu_locale_surf/trip_surf_night_fever_145.php http://www.mango-surf.com/news/locale/trip-surf-night-fever--771.html
RedirectPermanent /medias/actu_locale_surf/west_surf_challenge_guidel_146.php http://www.mango-surf.com/news/locale/west-surf-challenge-guidel--772.html
RedirectPermanent /medias/actu_locale_surf/journees_decouvertes_surf_ffs_147.php http://www.mango-surf.com/news/locale/journees-decouvertes-surf-ffs--773.html
RedirectPermanent /medias/actu_locale_surf/royal_single_trophee_148.php http://www.mango-surf.com/news/locale/royal-single-trophee--774.html
RedirectPermanent /medias/actu_locale_surf/lacanau_longboard_euro_cup_2007_149.php http://www.mango-surf.com/news/locale/lacanau-longboard-euro-cup-2007--775.html
RedirectPermanent /medias/actu_locale_surf/pull_in_ouvre_shop_paris_150.php http://www.mango-surf.com/news/locale/pull-in-ouvre-shop-paris--776.html
RedirectPermanent /medias/actu_locale_surf/team_quiksilver_legende_champs_elysees_151.php http://www.mango-surf.com/news/locale/team-quiksilver-legende-champs-elysees--777.html
RedirectPermanent /medias/actu_locale_surf/nettoyage_plages_belges_surfeurs_parisiens_152.php http://www.mango-surf.com/news/locale/nettoyage-plages-belges-surfeurs-parisiens--778.html
RedirectPermanent /medias/actu_locale_surf/reglementation_attribution_plages_ecoles_surf_153.php http://www.mango-surf.com/news/locale/reglementation-attribution-plages-ecoles-surf--779.html
RedirectPermanent /medias/actu_locale_surf/rassemblement_planete_trocadero_154.php http://www.mango-surf.com/news/locale/rassemblement-planete-trocadero--780.html
RedirectPermanent /medias/actu_locale_surf/surfrider_paris_present_rassemblement_planete_trocadero_155.php http://www.mango-surf.com/news/locale/surfrider-paris-present-rassemblement-planete-trocadero--781.html
RedirectPermanent /medias/actu_locale_surf/inauguration_parc_activites_glisse_baia_park_156.php http://www.mango-surf.com/news/locale/inauguration-parc-activites-glisse-baia-park--782.html
RedirectPermanent /medias/actu_locale_surf/plage_menacee_saint_jouin_bruneval_157.php http://www.mango-surf.com/news/locale/plage-menacee-saint-jouin-bruneval--783.html
RedirectPermanent /medias/actu_locale_surf/lafarge_grosse_mobilisation_dimanche_dernier_158.php http://www.mango-surf.com/news/locale/lafarge-grosse-mobilisation-dimanche-dernier--784.html
RedirectPermanent /medias/actu_locale_surf/resultats_surf_co_2007_seignosse_159.php http://www.mango-surf.com/news/locale/resultats-surf-co-2007-seignosse--785.html
RedirectPermanent /medias/actu_locale_surf/resultats_open_quiksilver_biarritz_maider_arosteguy_160.php http://www.mango-surf.com/news/locale/resultats-open-quiksilver-biarritz-maider-arosteguy--786.html
RedirectPermanent /medias/actu_locale_surf/kana_miss_cup_2007_161.php http://www.mango-surf.com/news/locale/kana-miss-cup-2007--787.html
RedirectPermanent /medias/actu_locale_surf/retour_eurosurf_en_france_162.php http://www.mango-surf.com/news/locale/retour-eurosurf-en-france--788.html
RedirectPermanent /medias/actu_locale_surf/roxy_jam_biarritz_festival_dedie_surf_femme_163.php http://www.mango-surf.com/news/locale/roxy-jam-biarritz-festival-dedie-surf-femme--789.html
RedirectPermanent /medias/actu_locale_surf/soiree_air_guitar_show_fleche_or_paris_164.php http://www.mango-surf.com/news/locale/soiree-air-guitar-show-fleche-or-paris--790.html
RedirectPermanent /medias/actu_locale_surf/surfrider_paris_lance_appel_benevoles_disponibles_11_12_mai_165.php http://www.mango-surf.com/news/locale/surfrider-paris-lance-appel-benevoles-disponibles-11-12-mai--791.html
RedirectPermanent /medias/actu_locale_surf/2eme_etape_kanabeach_basque_tour_166.php http://www.mango-surf.com/news/locale/2eme-etape-kanabeach-basque-tour--792.html
RedirectPermanent /medias/actu_locale_surf/programme_billabong_marbella_tag_team_167.php http://www.mango-surf.com/news/locale/programme-billabong-marbella-tag-team--793.html
RedirectPermanent /medias/actu_locale_surf/hoalen_paddlerace_crossing_ouessant_portsall_11_aout_2007_168.php http://www.mango-surf.com/news/locale/hoalen-paddlerace-crossing-ouessant-portsall-11-aout-2007--794.html
RedirectPermanent /medias/actu_locale_surf/1ere_etape_coupe_france_longboard_tandem_169.php http://www.mango-surf.com/news/locale/1ere-etape-coupe-france-longboard-tandem--795.html
RedirectPermanent /medias/actu_locale_surf/girlie_camp_roxy_retour_ete_2007_170.php http://www.mango-surf.com/news/locale/girlie-camp-roxy-retour-ete-2007--796.html
RedirectPermanent /medias/actu_locale_surf/kanamisscup_2007_est_parti_171.php http://www.mango-surf.com/news/locale/kanamisscup-2007-est-parti--797.html
RedirectPermanent /medias/actu_locale_surf/rip_jean_sarthou_172.php http://www.mango-surf.com/news/locale/rip-jean-sarthou--798.html
RedirectPermanent /medias/actu_locale_surf/kanamisscup_amatrices_2007_est_fini_173.php http://www.mango-surf.com/news/locale/kanamisscup-amatrices-2007-est-fini--799.html
RedirectPermanent /medias/actu_locale_surf/billabong_girls_days_celebrent_surf_feminin_174.php http://www.mango-surf.com/news/locale/billabong-girls-days-celebrent-surf-feminin--800.html
RedirectPermanent /medias/actu_locale_surf/kanamiss_cup_2007_place_professionnelles_175.php http://www.mango-surf.com/news/locale/kanamiss-cup-2007-place-professionnelles--801.html
RedirectPermanent /medias/actu_locale_surf/justine_dupont_lee_ann_curren_reines_kanamisscup_2007_176.php http://www.mango-surf.com/news/locale/justine-dupont-lee-ann-curren-reines-kanamisscup-2007--802.html
RedirectPermanent /medias/actu_locale_surf/gagne_ta_place_team_kids_oxbow_177.php http://www.mango-surf.com/news/locale/gagne-ta-place-team-kids-oxbow--803.html
RedirectPermanent /medias/actu_locale_surf/rendez_vous_crozon_13emes_jeux_nautiques_interceltiques_178.php http://www.mango-surf.com/news/locale/rendez-vous-crozon-13emes-jeux-nautiques-interceltiques--804.html
RedirectPermanent /medias/actu_locale_surf/oxbow_pro_world_longboard_championship_179.php http://www.mango-surf.com/news/locale/oxbow-pro-world-longboard-championship--805.html
RedirectPermanent /medias/actu_locale_surf/road_surf_club_vous_souhaite_joyeux_noel_181.php http://www.mango-surf.com/news/locale/road-surf-club-vous-souhaite-joyeux-noel--806.html
RedirectPermanent /medias/actu_locale_surf/uwl_art_gallery_presente_expo_small_room_big_artists_182.php http://www.mango-surf.com/news/locale/uwl-art-gallery-presente-expo-small-room-big-artists--807.html
RedirectPermanent /medias/actu_locale_surf/soiree_aw_arts_rex_hossegor_184.php http://www.mango-surf.com/news/locale/soiree-aw-arts-rex-hossegor--808.html
RedirectPermanent /medias/actu_locale_surf/petition_creation_aire_marine_protegee_estuaire_gironde_185.php http://www.mango-surf.com/news/locale/petition-creation-aire-marine-protegee-estuaire-gironde--809.html
RedirectPermanent /medias/actu_locale_surf/jean_sebastien_estienne_remporte_royal_barrique_secret_186.php http://www.mango-surf.com/news/locale/jean-sebastien-estienne-remporte-royal-barrique-secret--810.html
RedirectPermanent /medias/actu_locale_surf/rassemblement_road_surf_club_30_janvier_2008_paris_190.php http://www.mango-surf.com/news/locale/rassemblement-road-surf-club-30-janvier-2008-paris--811.html
RedirectPermanent /medias/actu_locale_surf/journee_portes_ouvertes_poyo_surf_club_189.php http://www.mango-surf.com/news/locale/journee-portes-ouvertes-poyo-surf-club--812.html
RedirectPermanent /medias/actu_locale_surf/bientot_24eme_biarritz_quiksilver_maider_arosteguy_192.php http://www.mango-surf.com/news/locale/bientot-24eme-biarritz-quiksilver-maider-arosteguy--813.html
RedirectPermanent /medias/actu_locale_surf/formation_surveillant_baignade_tranche_mer_194.php http://www.mango-surf.com/news/locale/formation-surveillant-baignade-tranche-mer--814.html
RedirectPermanent /medias/actu_locale_surf/journee_terre_college_arcachon_195.php http://www.mango-surf.com/news/locale/journee-terre-college-arcachon--815.html
RedirectPermanent /medias/actu_locale_surf/arawak_surf_club_organise_championnats_guadeloupe_197.php http://www.mango-surf.com/news/locale/arawak-surf-club-organise-championnats-guadeloupe--816.html
RedirectPermanent /medias/actu_locale_surf/assemblee_generale_breteam_surf_club_199.php http://www.mango-surf.com/news/locale/assemblee-generale-breteam-surf-club--817.html
RedirectPermanent /medias/actu_locale_surf/participez_nettoyages_plages_haute_normandie_200.php http://www.mango-surf.com/news/locale/participez-nettoyages-plages-haute-normandie--818.html
RedirectPermanent /medias/actu_locale_surf/spirit_surf_club_tv_203.php http://www.mango-surf.com/news/locale/spirit-surf-club-tv--819.html
RedirectPermanent /medias/actu_locale_surf/formation_brevet_initiateur_federal_en_vendee_204.php http://www.mango-surf.com/news/locale/formation-brevet-initiateur-federal-en-vendee--820.html
RedirectPermanent /medias/actu_locale_surf/championnats_france_open_espoirs_2008_seront_organises_en_guadeloupe_205.php http://www.mango-surf.com/news/locale/championnats-france-open-espoirs-2008-seront-organises-en-guadeloupe--821.html
RedirectPermanent /medias/actu_locale_surf/initiatives_oceanes_appel_franciliens_206.php http://www.mango-surf.com/news/locale/initiatives-oceanes-appel-franciliens--822.html
RedirectPermanent /medias/actu_locale_surf/championnat_regional_open_bretignolles_mer_207.php http://www.mango-surf.com/news/locale/championnat-regional-open-bretignolles-mer--823.html
RedirectPermanent /medias/actu_locale_surf/3eme_edition_grosse_serie_210.php http://www.mango-surf.com/news/locale/3eme-edition-grosse-serie--824.html
RedirectPermanent /medias/actu_locale_surf/bientot_retour_vagues_211.php http://www.mango-surf.com/news/locale/bientot-retour-vagues--825.html
RedirectPermanent /medias/actu_locale_surf/presentation_wqs_vendee_surf_pro_etoiles_212.php http://www.mango-surf.com/news/locale/presentation-wqs-vendee-surf-pro-etoiles--826.html
RedirectPermanent /medias/actu_locale_surf/ecosurf_collegiens_en_sortie_eco_arcachon_213.php http://www.mango-surf.com/news/locale/ecosurf-collegiens-en-sortie-eco-arcachon--827.html
RedirectPermanent /medias/actu_locale_surf/aurelien_jacob_remporte_coupe_finistere_215.php http://www.mango-surf.com/news/locale/aurelien-jacob-remporte-coupe-finistere--828.html
RedirectPermanent /medias/actu_locale_surf/shaun_tomson_invite_honneur_5eme_festival_st_jean_luz_216.php http://www.mango-surf.com/news/locale/shaun-tomson-invite-honneur-5eme-festival-st-jean-luz--829.html
RedirectPermanent /medias/actu_locale_surf/paddle_party_surfez_ramez_en_famille_217.php http://www.mango-surf.com/news/locale/paddle-party-surfez-ramez-en-famille--830.html
RedirectPermanent /medias/actu_locale_surf/assemblee_generale_road_surf_club_219.php http://www.mango-surf.com/news/locale/assemblee-generale-road-surf-club--831.html
RedirectPermanent /medias/actu_locale_surf/lancement_coupe_france_bodyboard_bandol_220.php http://www.mango-surf.com/news/locale/lancement-coupe-france-bodyboard-bandol--832.html
RedirectPermanent /medias/actu_locale_surf/funboard76_surfrider76_organisent_initiatives_oceanes_221.php http://www.mango-surf.com/news/locale/funboard76-surfrider76-organisent-initiatives-oceanes--833.html
RedirectPermanent /medias/actu_locale_surf/grosse_serie_en_mediterranee_224.php http://www.mango-surf.com/news/locale/grosse-serie-en-mediterranee--834.html
RedirectPermanent /medias/actu_locale_surf/biarritz_quiksilver_maider_arosteguy_2008_226.php http://www.mango-surf.com/news/locale/biarritz-quiksilver-maider-arosteguy-2008--835.html
RedirectPermanent /medias/actu_locale_surf/surf_and_skate_contest_2008_227.php http://www.mango-surf.com/news/locale/surf-and-skate-contest-2008--836.html
RedirectPermanent /medias/actu_locale_surf/erwan_genre_remporte_1ere_etape_coupe_france_bodyboard_228.php http://www.mango-surf.com/news/locale/erwan-genre-remporte-1ere-etape-coupe-france-bodyboard--837.html
RedirectPermanent /medias/actu_locale_surf/premiere_journee_biarritz_quiksilver_maider_arosteguy_229.php http://www.mango-surf.com/news/locale/premiere-journee-biarritz-quiksilver-maider-arosteguy--838.html
RedirectPermanent /medias/actu_locale_surf/pauline_ado_dimitri_ouvre_vincent_duvignac_remportent_biarritz_maider_arosteguy_230.php http://www.mango-surf.com/news/locale/pauline-ado-dimitri-ouvre-vincent-duvignac-remportent-biarritz-maider-arosteguy--839.html
RedirectPermanent /medias/actu_locale_surf/operation_nettoyage_plage_lacanau_232.php http://www.mango-surf.com/news/locale/operation-nettoyage-plage-lacanau--840.html
RedirectPermanent /medias/actu_locale_surf/uhaina_classic_celebre_9eme_edition_chambre_amour_234.php http://www.mango-surf.com/news/locale/uhaina-classic-celebre-9eme-edition-chambre-amour--841.html
RedirectPermanent /medias/actu_locale_surf/reussi_son_bac_surf_2008_236.php http://www.mango-surf.com/news/locale/reussi-son-bac-surf-2008--842.html
RedirectPermanent /medias/actu_locale_surf/120_competiteurs_lancement_coupe_bretagne_237.php http://www.mango-surf.com/news/locale/120-competiteurs-lancement-coupe-bretagne--843.html
RedirectPermanent /medias/actu_locale_surf/coup_envoi_coupe_ligue_poitou_charentes_238.php http://www.mango-surf.com/news/locale/coup-envoi-coupe-ligue-poitou-charentes--844.html
RedirectPermanent /medias/actu_locale_surf/medoc_tour_2008_demarre_week_end_239.php http://www.mango-surf.com/news/locale/medoc-tour-2008-demarre-week-end--845.html
RedirectPermanent /medias/actu_locale_surf/9eme_edition_lacanau_gliss_festival_240.php http://www.mango-surf.com/news/locale/9eme-edition-lacanau-gliss-festival--846.html
RedirectPermanent /medias/actu_locale_surf/petites_mains_dunes_2008_operation_reussie_242.php http://www.mango-surf.com/news/locale/petites-mains-dunes-2008-operation-reussie--847.html
RedirectPermanent /medias/actu_locale_surf/coupe_france_bodyboard_fait_escale_anglet_245.php http://www.mango-surf.com/news/locale/coupe-france-bodyboard-fait-escale-anglet--848.html
RedirectPermanent /medias/actu_locale_surf/king_of_the_groms_st_martin_247.php http://www.mango-surf.com/news/locale/king-of-the-groms-st-martin--849.html
RedirectPermanent /medias/actu_locale_surf/surf_and_skate_contest_2008_demandez_programme_249.php http://www.mango-surf.com/news/locale/surf-and-skate-contest-2008-demandez-programme--850.html
RedirectPermanent /medias/actu_locale_surf/pierre_louis_costes_impose_anglet_251.php http://www.mango-surf.com/news/locale/pierre-louis-costes-impose-anglet--851.html
RedirectPermanent /medias/actu_locale_surf/association_maillot_vie_invitee_rencontrer_meilleurs_longboarders_monde_253.php http://www.mango-surf.com/news/locale/association-maillot-vie-invitee-rencontrer-meilleurs-longboarders-monde--852.html
RedirectPermanent /medias/actu_locale_surf/2eme_edition_etb_french_bodyboard_pro_255.php http://www.mango-surf.com/news/locale/2eme-edition-etb-french-bodyboard-pro--853.html
RedirectPermanent /medias/actu_locale_surf/rendez_vous_hossegor_seignosse_19eme_edition_sunf_co_256.php http://www.mango-surf.com/news/locale/rendez-vous-hossegor-seignosse-19eme-edition-sunf-co--854.html
RedirectPermanent /medias/actu_locale_surf/hoalen_saltwater_classic_est_retour_257.php http://www.mango-surf.com/news/locale/hoalen-saltwater-classic-est-retour--855.html
RedirectPermanent /medias/actu_locale_surf/reef_bask_tour_1ere_etape_espoirs_259.php http://www.mango-surf.com/news/locale/reef-bask-tour-1ere-etape-espoirs--856.html
RedirectPermanent /medias/actu_locale_surf/gros_succes_surf_skate_contest_2008_260.php http://www.mango-surf.com/news/locale/gros-succes-surf-skate-contest-2008--857.html
RedirectPermanent /medias/actu_locale_surf/soa_surf_club_london_surf_club_262.php http://www.mango-surf.com/news/locale/soa-surf-club-london-surf-club--858.html
RedirectPermanent /medias/actu_locale_surf/charly_martin_lea_mengual_survolent_championnats_guadeloupe_2008_264.php http://www.mango-surf.com/news/locale/charly-martin-lea-mengual-survolent-championnats-guadeloupe-2008--859.html
RedirectPermanent /medias/actu_locale_surf/reef_bask_tour_2eme_etape_bidart_265.php http://www.mango-surf.com/news/locale/reef-bask-tour-2eme-etape-bidart--860.html
RedirectPermanent /medias/actu_locale_surf/olympides_2eme_journee_departementale_littoral_267.php http://www.mango-surf.com/news/locale/olympides-2eme-journee-departementale-littoral--861.html
RedirectPermanent /medias/actu_locale_surf/lacanau_gliss_festival_2008_268.php http://www.mango-surf.com/news/locale/lacanau-gliss-festival-2008--862.html
RedirectPermanent /medias/actu_locale_surf/moskito_tour_premiere_fois_en_guadeloupe_269.php http://www.mango-surf.com/news/locale/moskito-tour-premiere-fois-en-guadeloupe--863.html
RedirectPermanent /medias/actu_locale_surf/championnats_landes_surf_resultats_271.php http://www.mango-surf.com/news/locale/championnats-landes-surf-resultats--864.html
RedirectPermanent /medias/actu_locale_surf/reef_bask_tour_2eme_etape_espoirs_272.php http://www.mango-surf.com/news/locale/reef-bask-tour-2eme-etape-espoirs--865.html
RedirectPermanent /medias/actu_locale_surf/road_surf_club_lance_webtv_273.php http://www.mango-surf.com/news/locale/road-surf-club-lance-webtv--866.html
RedirectPermanent /medias/actu_locale_surf/guadeloupe_accueille_12emes_jeux_iles_274.php http://www.mango-surf.com/news/locale/guadeloupe-accueille-12emes-jeux-iles--867.html
RedirectPermanent /medias/actu_locale_surf/semaine_surf_tandem_eric_ophelie_275.php http://www.mango-surf.com/news/locale/semaine-surf-tandem-eric-ophelie--868.html
RedirectPermanent /medias/actu_locale_surf/reef_bask_tour_etape_espoirs_277.php http://www.mango-surf.com/news/locale/reef-bask-tour-etape-espoirs--869.html
RedirectPermanent /medias/actu_locale_surf/ouverture_coupe_france_longboard_tandem_08_278.php http://www.mango-surf.com/news/locale/ouverture-coupe-france-longboard-tandem-08--870.html
RedirectPermanent /medias/actu_locale_surf/big_board_party_279.php http://www.mango-surf.com/news/locale/big-board-party--871.html
RedirectPermanent /medias/actu_locale_surf/hoalen_saltwater_classic_281.php http://www.mango-surf.com/news/locale/hoalen-saltwater-classic--872.html
RedirectPermanent /medias/actu_locale_surf/rip_curl_grom_search_fait_escale_tarnos_282.php http://www.mango-surf.com/news/locale/rip-grom-search-fait-escale-tarnos--873.html
RedirectPermanent /medias/actu_locale_surf/reef_bask_tour_etape_espoirs_284.php http://www.mango-surf.com/news/locale/reef-bask-tour-etape-espoirs--874.html
RedirectPermanent /medias/actu_locale_surf/surfland_en_dedicace_cap_ferret_285.php http://www.mango-surf.com/news/locale/surfland-en-dedicace-cap-ferret--875.html
RedirectPermanent /medias/actu_locale_surf/breteam_girls_festival_287.php http://www.mango-surf.com/news/locale/breteam-girls-festival--876.html
RedirectPermanent /medias/actu_locale_surf/circuit_kanamisscup_2008_1ere_etape_guidel_288.php http://www.mango-surf.com/news/locale/circuit-kanamisscup-2008-1ere-etape-guidel--877.html
RedirectPermanent /medias/actu_locale_surf/reef_bask_tour_etape_open_290.php http://www.mango-surf.com/news/locale/reef-bask-tour-etape-open--878.html
RedirectPermanent /medias/actu_locale_surf/sooruz_lacanau_pro_2008_291.php http://www.mango-surf.com/news/locale/sooruz-lacanau-pro-2008--879.html
RedirectPermanent /medias/actu_locale_surf/king_of_the_groms_etape_guadeloupe_08_293.php http://www.mango-surf.com/news/locale/king-of-the-groms-etape-guadeloupe-08--880.html
RedirectPermanent /medias/actu_locale_surf/lola_boutin_remporte_kana_miss_cup_297.php http://www.mango-surf.com/news/locale/lola-boutin-remporte-kana-miss-cup--881.html
RedirectPermanent /medias/actu_locale_surf/ramzi_boukhiam_impose_son_surf_rip_curl_gromsearch_tarnos_299.php http://www.mango-surf.com/news/locale/ramzi-boukhiam-impose-son-surf-rip-gromsearch-tarnos--882.html
RedirectPermanent /medias/actu_locale_surf/moskito_tour_2008_etape_bretonne_torche_300.php http://www.mango-surf.com/news/locale/moskito-tour-2008-etape-bretonne-torche--883.html
RedirectPermanent /medias/actu_locale_surf/reef_bask_tour_etape_bodyboard_bodysurf_longboard_301.php http://www.mango-surf.com/news/locale/reef-bask-tour-etape-bodyboard-bodysurf-longboard--884.html
RedirectPermanent /medias/actu_locale_surf/rendez_vous_week_end_en_normandie_siouville_surf_open_303.php http://www.mango-surf.com/news/locale/rendez-vous-week-end-en-normandie-siouville-surf-open--885.html
RedirectPermanent /medias/actu_locale_surf/belle_edition_siouville_surf_open_307.php http://www.mango-surf.com/news/locale/belle-edition-siouville-surf-open--886.html
RedirectPermanent /medias/actu_locale_surf/crevettes_tour_2008_etape_hossegor_309.php http://www.mango-surf.com/news/locale/crevettes-tour-2008-etape-hossegor--887.html
RedirectPermanent /medias/actu_locale_surf/magasin_rip_curl_enfin_net_310.php http://www.mango-surf.com/news/locale/magasin-rip-enfin-net--888.html
RedirectPermanent /medias/actu_locale_surf/bientot_championnats_aquitaine_surf_2008_311.php http://www.mango-surf.com/news/locale/bientot-championnats-aquitaine-surf-2008--889.html
RedirectPermanent /medias/actu_locale_surf/bascs_week_end_anime_312.php http://www.mango-surf.com/news/locale/bascs-week-end-anime--890.html
RedirectPermanent /medias/actu_locale_surf/tournee_plages_2008_ligue_normandie_surf_passe_29_juin_dieppe_314.php http://www.mango-surf.com/news/locale/tournee-plages-2008-ligue-normandie-surf-passe-29-juin-dieppe--891.html
RedirectPermanent /medias/actu_locale_surf/ecole_surf_paris_road_surf_club_frappe_nouvelle_fois_315.php http://www.mango-surf.com/news/locale/ecole-surf-paris-road-surf-club-frappe-nouvelle-fois--892.html
RedirectPermanent /medias/actu_locale_surf/justine_dupont_vincent_duvignac_remportent_1ere_etape_coupe_france_mimizan_316.php http://www.mango-surf.com/news/locale/justine-dupont-vincent-duvignac-remportent-1ere-etape-coupe-france-mimizan--893.html
RedirectPermanent /medias/actu_locale_surf/1ere_journee_championnats_aquitaine_lancement_competition_sous_soleil_ete_318.php http://www.mango-surf.com/news/locale/1ere-journee-championnats-aquitaine-lancement-competition-sous-soleil-ete--894.html
RedirectPermanent /medias/actu_locale_surf/tandem_stand_up_paddle_breizh_tour_2008_319.php http://www.mango-surf.com/news/locale/tandem-stand-up-paddle-breizh-tour-2008--895.html
RedirectPermanent /medias/actu_locale_surf/surf_met_vert_en_guadeloupe_320.php http://www.mango-surf.com/news/locale/surf-met-vert-en-guadeloupe--896.html
RedirectPermanent /medias/actu_locale_surf/coupe_france_longboard_tandem_stand_up_paddle_vieux_boucau_322.php http://www.mango-surf.com/news/locale/coupe-france-longboard-tandem-stand-up-paddle-vieux-boucau--897.html
RedirectPermanent /medias/actu_locale_surf/3eme_journee_championnats_aquitaine_323.php http://www.mango-surf.com/news/locale/3eme-journee-championnats-aquitaine--898.html
RedirectPermanent /medias/actu_locale_surf/brevet_federal_initiateur_surf_enseignants_eps_324.php http://www.mango-surf.com/news/locale/brevet-federal-initiateur-surf-enseignants-eps--899.html
RedirectPermanent /medias/actu_locale_surf/felix_delanne_champion_aquitaine_surf_open_2008_325.php http://www.mango-surf.com/news/locale/felix-delanne-champion-aquitaine-surf-open-2008--900.html
RedirectPermanent /medias/actu_locale_surf/surf_normand_son_forum_son_site_326.php http://www.mango-surf.com/news/locale/surf-normand-son-forum-son-site--901.html
RedirectPermanent /medias/actu_locale_surf/surfing_day_fete_bananier_327.php http://www.mango-surf.com/news/locale/surfing-day-fete-bananier--902.html
RedirectPermanent /medias/actu_locale_surf/sylvain_langlet_remporte_championnats_aquitaine_bodyboard_open_328.php http://www.mango-surf.com/news/locale/sylvain-langlet-remporte-championnats-aquitaine-bodyboard-open--903.html
RedirectPermanent /medias/actu_locale_surf/remi_arauzo_remporte_championnats_aquitaine_longboard_open_330.php http://www.mango-surf.com/news/locale/remi-arauzo-remporte-championnats-aquitaine-longboard-open--904.html
RedirectPermanent /medias/actu_locale_surf/projet_methanier_antifer_derniere_ligne_droite_331.php http://www.mango-surf.com/news/locale/projet-methanier-antifer-derniere-ligne-droite--905.html
RedirectPermanent /medias/actu_locale_surf/belle_reussite_1ere_date_journees_decouvertes_surf_333.php http://www.mango-surf.com/news/locale/belle-reussite-1ere-date-journees-decouvertes-surf--906.html
RedirectPermanent /medias/actu_locale_surf/bilan_positif_championnats_aquitaine_surf_2008_334.php http://www.mango-surf.com/news/locale/bilan-positif-championnats-aquitaine-surf-2008--907.html
RedirectPermanent /medias/actu_locale_surf/tetards_ont_rendez_vous_samedi_cote_basques_336.php http://www.mango-surf.com/news/locale/tetards-ont-rendez-vous-samedi-cote-basques--908.html
RedirectPermanent /medias/actu_locale_surf/tetards_ont_envahi_cote_basques_week_end_338.php http://www.mango-surf.com/news/locale/tetards-ont-envahi-cote-basques-week-end--909.html
RedirectPermanent /medias/actu_locale_surf/journees_decouvertes_surf_ffs_08_plaisirs_surf_vendeen_340.php http://www.mango-surf.com/news/locale/journees-decouvertes-surf-ffs-08-plaisirs-surf-vendeen--910.html
RedirectPermanent /medias/actu_locale_surf/coupe_france_bodyboard_capbreton_double_breton_341.php http://www.mango-surf.com/news/locale/coupe-france-bodyboard-capbreton-double-breton--911.html
RedirectPermanent /medias/actu_locale_surf/seconde_etape_tandem_breizh_tour_locquirec_343.php http://www.mango-surf.com/news/locale/seconde-etape-tandem-breizh-tour-locquirec--912.html
RedirectPermanent /medias/actu_locale_surf/bayonne_2008_surfeurs_mettent_eau_345.php http://www.mango-surf.com/news/locale/bayonne-2008-surfeurs-mettent-eau--913.html
RedirectPermanent /medias/actu_locale_surf/stage_national_ffs_bodyboard_espoir_capbreton_346.php http://www.mango-surf.com/news/locale/stage-national-ffs-bodyboard-espoir-capbreton--914.html
RedirectPermanent /medias/actu_locale_surf/rando_musclee_hawaian_style_nouveau_genre_do_it_standing_up_348.php http://www.mango-surf.com/news/locale/rando-musclee-hawaian-style-nouveau-genre-do-it-standing-up--915.html
RedirectPermanent /medias/actu_locale_surf/nettoyage_omaha_beach_20_aout_2008_350.php http://www.mango-surf.com/news/locale/nettoyage-omaha-beach-20-aout-2008--916.html
RedirectPermanent /medias/actu_locale_surf/quiksilver_airshow_surf_nuit_351.php http://www.mango-surf.com/news/locale/quiksilver-airshow-surf-nuit--917.html
RedirectPermanent /medias/actu_locale_surf/attention_meduses_ont_cousines_352.php http://www.mango-surf.com/news/locale/attention-meduses-ont-cousines--918.html
RedirectPermanent /medias/actu_locale_surf/royal_barrique_competition_surf_sacrant_meilleur_tuberider_landes_354.php http://www.mango-surf.com/news/locale/royal-barrique-competition-surf-sacrant-meilleur-tuberider-landes--919.html
RedirectPermanent /medias/actu_locale_surf/joel_badina_remporte_bodysurf_challenge_royan_355.php http://www.mango-surf.com/news/locale/joel-badina-remporte-bodysurf-challenge-royan--920.html
RedirectPermanent /medias/actu_locale_surf/marbella_tag_team_2008_beau_spectacle_357.php http://www.mango-surf.com/news/locale/marbella-tag-team-2008-beau-spectacle--921.html
RedirectPermanent /medias/actu_locale_surf/coupe_france_multiglisse_150_participants_358.php http://www.mango-surf.com/news/locale/coupe-france-multiglisse-150-participants--922.html
RedirectPermanent /medias/actu_locale_surf/4eme_etape_totally_crustaceous_aura_lieu_crozon_359.php http://www.mango-surf.com/news/locale/4eme-etape-totally-crustaceous-aura-lieu-crozon--923.html
RedirectPermanent /medias/actu_locale_surf/west_surf_challenge_guidel_septembre_360.php http://www.mango-surf.com/news/locale/west-surf-challenge-guidel-septembre--924.html
RedirectPermanent /medias/actu_locale_surf/grosse_serie_4eme_edition_361.php http://www.mango-surf.com/news/locale/grosse-serie-4eme-edition--925.html
RedirectPermanent /medias/actu_locale_surf/road_surf_club_vous_souhaite_bonne_rentree_oui_vacances_finies_362.php http://www.mango-surf.com/news/locale/road-surf-club-vous-souhaite-bonne-rentree-oui-vacances-finies--926.html
RedirectPermanent /medias/actu_locale_surf/festisurf_2008_resultats_364.php http://www.mango-surf.com/news/locale/festisurf-2008-resultats--927.html
RedirectPermanent /medias/actu_locale_surf/oxbow_expose_nomad_365.php http://www.mango-surf.com/news/locale/oxbow-expose-nomad--928.html
RedirectPermanent /medias/actu_locale_surf/royal_single_trophee_beach_party_geante_367.php http://www.mango-surf.com/news/locale/royal-single-trophee-beach-party-geante--929.html
RedirectPermanent /medias/actu_locale_surf/retour_breizh_tandem_tour_landunvez_369.php http://www.mango-surf.com/news/locale/retour-breizh-tandem-tour-landunvez--930.html
RedirectPermanent /medias/actu_locale_surf/grosse_serie_4eme_edition_370.php http://www.mango-surf.com/news/locale/grosse-serie-4eme-edition--931.html
RedirectPermanent /medias/actu_locale_surf/royal_single_trophee_appel_barre_372.php http://www.mango-surf.com/news/locale/royal-single-trophee-appel-barre--932.html
RedirectPermanent /medias/actu_locale_surf/session_autographes_parko_hossegor_374.php http://www.mango-surf.com/news/locale/session-autographes-parko-hossegor--933.html
RedirectPermanent /medias/actu_locale_surf/fete_corniche_2008_375.php http://www.mango-surf.com/news/locale/fete-corniche-2008--934.html
RedirectPermanent /medias/actu_locale_surf/crevettes_tour_landes_2008_classement_general_390.php http://www.mango-surf.com/news/locale/crevettes-tour-landes-2008-classement-general--935.html
RedirectPermanent /medias/actu_locale_surf/journee_initiation_surf_urrats_380.php http://www.mango-surf.com/news/locale/journee-initiation-surf-urrats--936.html
RedirectPermanent /medias/actu_locale_surf/biscarosse_accueillait_2eme_etape_francaise_etl_386.php http://www.mango-surf.com/news/locale/biscarosse-accueillait-2eme-etape-francaise-etl--937.html
RedirectPermanent /medias/actu_locale_surf/2eme_edition_lacanau_watermen_ocean_games_383.php http://www.mango-surf.com/news/locale/2eme-edition-lacanau-watermen-ocean-games--938.html
RedirectPermanent /medias/actu_locale_surf/alexi_deniel_agathe_lassalle_remportent_european_tour_of_longboard_vieux_boucau_384.php http://www.mango-surf.com/news/locale/alexi-deniel-agathe-lassalle-remportent-european-tour-of-longboard-vieux-boucau--939.html
RedirectPermanent /medias/actu_locale_surf/retrospective_exposition_surfing_art_by_shapers_388.php http://www.mango-surf.com/news/locale/retrospective-exposition-surfing-art-by-shapers--940.html
RedirectPermanent /medias/actu_locale_surf/quiksilver_paddle_board_race_est_reportee_27_septembre_2008_393.php http://www.mango-surf.com/news/locale/quiksilver-paddle-board-race-est-reportee-27-septembre-2008--941.html
RedirectPermanent /medias/actu_locale_surf/vagues_littoral_exposition_socoa_394.php http://www.mango-surf.com/news/locale/vagues-littoral-exposition-socoa--942.html
RedirectPermanent /medias/actu_locale_surf/aventure_continue_couple_tandem_eric_ophelie_396.php http://www.mango-surf.com/news/locale/aventure-continue-couple-tandem-eric-ophelie--943.html
RedirectPermanent /medias/actu_locale_surf/enterrement_plage_betey_397.php http://www.mango-surf.com/news/locale/enterrement-plage-betey--944.html
RedirectPermanent /medias/actu_locale_surf/jeremy_boisson_devient_waterman_europeen_2008_apres_antoine_delperro_398.php http://www.mango-surf.com/news/locale/jeremy-boisson-devient-waterman-europeen-2008-apres-antoine-delperro--945.html
RedirectPermanent /medias/actu_locale_surf/bodysurf_challenge_anglet_399.php http://www.mango-surf.com/news/locale/bodysurf-challenge-anglet--946.html
RedirectPermanent /medias/actu_locale_surf/riders_billabong_surf_club_cap_ferret_402.php http://www.mango-surf.com/news/locale/riders-billabong-surf-club-cap-ferret--947.html
RedirectPermanent /medias/actu_locale_surf/frederic_david_remporte_2eme_etape_bodysurf_challenge_anglet_404.php http://www.mango-surf.com/news/locale/frederic-david-remporte-2eme-etape-bodysurf-challenge-anglet--948.html
RedirectPermanent /medias/actu_locale_surf/the_1st_extreme_tag_team_contest_406.php http://www.mango-surf.com/news/locale/the-1st-extreme-tag-team-contest--949.html
RedirectPermanent /medias/actu_locale_surf/vincent_delaplace_remporte_premiere_etape_coupe_open_guadeloupe_11_12_octobre_2008_408.php http://www.mango-surf.com/news/locale/vincent-delaplace-remporte-premiere-etape-coupe-open-guadeloupe-11-12-octobre-2008--950.html
RedirectPermanent /medias/actu_locale_surf/quiksilver_eco_meeting_spot_tortue_saint_leu_410.php http://www.mango-surf.com/news/locale/quiksilver-eco-meeting-spot-tortue-saint-leu--951.html
RedirectPermanent /medias/actu_locale_surf/ecole_lissardy_cycle_surf_mathilde_412.php http://www.mango-surf.com/news/locale/ecole-lissardy-cycle-surf-mathilde--952.html
RedirectPermanent /medias/actu_locale_surf/resultat_coupe_france_2008_longboard_tandem_stand_up_414.php http://www.mango-surf.com/news/locale/resultat-coupe-france-2008-longboard-tandem-stand-up--953.html
RedirectPermanent /medias/actu_locale_surf/inauguration_vagues_littoral_marseille_416.php http://www.mango-surf.com/news/locale/inauguration-vagues-littoral-marseille--954.html
RedirectPermanent /medias/actu_locale_surf/1ere_extreme_contest_tag_team_juste_enorme_418.php http://www.mango-surf.com/news/locale/1ere-extreme-contest-tag-team-juste-enorme--955.html
RedirectPermanent /medias/actu_locale_surf/happening_feal_mor_gato_heroi_en_bretagne_419.php http://www.mango-surf.com/news/locale/happening-feal-mor-gato-heroi-en-bretagne--956.html
RedirectPermanent /medias/actu_locale_surf/ca_surfe_salon_sports_bordeaux_422.php http://www.mango-surf.com/news/locale/ca-surfe-salon-sports-bordeaux--957.html
RedirectPermanent /medias/actu_locale_surf/nettoyage_plages_havre_421.php http://www.mango-surf.com/news/locale/nettoyage-plages-havre--958.html
RedirectPermanent /medias/actu_locale_surf/premiere_ecole_surf_paris_road_surf_school_423.php http://www.mango-surf.com/news/locale/premiere-ecole-surf-paris-road-surf-school--959.html
RedirectPermanent /medias/actu_locale_surf/pourville_bodyboard_open_427.php http://www.mango-surf.com/news/locale/pourville-bodyboard-open--960.html
RedirectPermanent /medias/actu_locale_surf/formation_baf_2008_432.php http://www.mango-surf.com/news/locale/formation-baf-2008--961.html
RedirectPermanent /medias/actu_locale_surf/decouvrez_stand_up_paddle_en_martinique_434.php http://www.mango-surf.com/news/locale/decouvrez-stand-up-paddle-en-martinique--962.html
RedirectPermanent /medias/actu_locale_surf/ouverture_nouvelle_boutique_oxbow_grenoble_435.php http://www.mango-surf.com/news/locale/ouverture-nouvelle-boutique-oxbow-grenoble--963.html
RedirectPermanent /medias/actu_locale_surf/trip_normandie_sc_fait_son_premier_apero_437.php http://www.mango-surf.com/news/locale/trip-normandie-sc-fait-son-premier-apero--964.html
RedirectPermanent /medias/actu_locale_surf/fabrice_gelez_meilleur_tuberider_landes_2008_438.php http://www.mango-surf.com/news/locale/fabrice-gelez-meilleur-tuberider-landes-2008--965.html
RedirectPermanent /medias/actu_locale_surf/formation_shape_hollow_paul_jensen_439.php http://www.mango-surf.com/news/locale/formation-shape-hollow-paul-jensen--966.html
RedirectPermanent /medias/actu_locale_surf/xxix_winter_challenge_08_torche_29_hood_bzh_441.php http://www.mango-surf.com/news/locale/xxix-winter-challenge-08-torche-29-hood-bzh--967.html
RedirectPermanent /medias/actu_locale_surf/nouveau_surf_shop_plouzane_northpoint_443.php http://www.mango-surf.com/news/locale/nouveau-surf-shop-plouzane-northpoint--968.html
RedirectPermanent /medias/actu_locale_surf/methanier_verdon_stoppe_littoral_respire_447.php http://www.mango-surf.com/news/locale/methanier-verdon-stoppe-littoral-respire--969.html
RedirectPermanent /medias/actu_locale_surf/xxix_winter_challenge_reporte_449.php http://www.mango-surf.com/news/locale/xxix-winter-challenge-reporte--970.html
RedirectPermanent /medias/actu_locale_surf/olentzero_contest_anglet_20_21_decembre_2008_450.php http://www.mango-surf.com/news/locale/olentzero-contest-anglet-20-21-decembre-2008--971.html
RedirectPermanent /medias/actu_locale_surf/conditions_ideales_xxix_winter_challenge_452.php http://www.mango-surf.com/news/locale/conditions-ideales-xxix-winter-challenge--972.html
RedirectPermanent /medias/actu_locale_surf/joyeux_noel_454.php http://www.mango-surf.com/news/locale/joyeux-noel--973.html
RedirectPermanent /medias/actu_locale_surf/soleil_vagues_sapin_noel_455.php http://www.mango-surf.com/news/locale/soleil-vagues-sapin-noel--974.html
RedirectPermanent /medias/actu_locale_surf/vendee_alerte_spot_en_danger_456.php http://www.mango-surf.com/news/locale/vendee-alerte-spot-en-danger--975.html
RedirectPermanent /medias/actu_locale_surf/surfrider_remporte_deux_proces_degazage_en_bretagne_457.php http://www.mango-surf.com/news/locale/surfrider-remporte-deux-proces-degazage-en-bretagne--976.html
RedirectPermanent /medias/actu_locale_surf/vendee_surf_pro_ouvre_saison_europeenne_surf_professionnel_458.php http://www.mango-surf.com/news/locale/vendee-surf-pro-ouvre-saison-europeenne-surf-professionnel--977.html
RedirectPermanent /medias/actu_locale_surf/baie_etel_sera_preservee_460.php http://www.mango-surf.com/news/locale/baie-etel-sera-preservee--978.html
RedirectPermanent /medias/actu_locale_surf/marmaille_eco_tour_2009_462.php http://www.mango-surf.com/news/locale/marmaille-eco-tour-2009--979.html
RedirectPermanent /medias/actu_locale_surf/workshop_paul_jensen_10_mai_2009_471.php http://www.mango-surf.com/news/locale/workshop-paul-jensen-10-mai-2009--980.html
RedirectPermanent /medias/actu_locale_surf/nouveau_concept_evenement_surf_voit_jour_tahiti_473.php http://www.mango-surf.com/news/locale/nouveau-concept-evenement-surf-voit-jour-tahiti--981.html
RedirectPermanent /medias/actu_locale_surf/cotentin_surf_club_mobilise_476.php http://www.mango-surf.com/news/locale/cotentin-surf-club-mobilise--982.html
RedirectPermanent /medias/actu_locale_surf/initiatives_oceanes_en_seine_maritime_est_reparti_479.php http://www.mango-surf.com/news/locale/initiatives-oceanes-en-seine-maritime-est-reparti--983.html
RedirectPermanent /medias/actu_locale_surf/planche_surf_euros_est_possible_481.php http://www.mango-surf.com/news/locale/planche-surf-euros-est-possible--984.html
RedirectPermanent /medias/actu_locale_surf/mise_point_sauzaie_483.php http://www.mango-surf.com/news/locale/mise-point-sauzaie--985.html
RedirectPermanent /medias/actu_locale_surf/beautiful_day_surf_store_surf_store_plus_atypique_ouest_486.php http://www.mango-surf.com/news/locale/beautiful-day-surf-store-surf-store-plus-atypique-ouest--986.html
RedirectPermanent /medias/actu_locale_surf/training_camp_xxix_maroc_jeunes_pole_espoir_bretagne_488.php http://www.mango-surf.com/news/locale/training-camp-xxix-maroc-jeunes-pole-espoir-bretagne--987.html
RedirectPermanent /medias/actu_locale_surf/resultats_1ere_etape_coupe_bretagne_perros_guirec_489.php http://www.mango-surf.com/news/locale/resultats-1ere-etape-coupe-bretagne-perros-guirec--988.html
RedirectPermanent /medias/actu_locale_surf/biarritz_quiksilver_maider_arosteguy_492.php http://www.mango-surf.com/news/locale/biarritz-quiksilver-maider-arosteguy--989.html
RedirectPermanent /medias/actu_locale_surf/federation_tahitienne_devoile_liste_isa_493.php http://www.mango-surf.com/news/locale/federation-tahitienne-devoile-liste-isa--990.html
RedirectPermanent /medias/actu_locale_surf/poyo_surf_club_organise_master_surf_2009_494.php http://www.mango-surf.com/news/locale/poyo-surf-club-organise-master-surf-2009--991.html
RedirectPermanent /medias/actu_locale_surf/quiksilver_uhaina_classic_2009_495.php http://www.mango-surf.com/news/locale/quiksilver-uhaina-classic-2009--992.html
RedirectPermanent /medias/actu_locale_surf/marmaille_eco_tour_2009_etape_496.php http://www.mango-surf.com/news/locale/marmaille-eco-tour-2009-etape--993.html
RedirectPermanent /medias/actu_locale_surf/hoalen_happy_hour_tour_monde_brest_500.php http://www.mango-surf.com/news/locale/hoalen-happy-hour-tour-monde-brest--994.html
RedirectPermanent /medias/actu_locale_surf/nouvelle_mobilisation_contre_projet_construction_methanier_verdon_agissons_ensemble_498.php http://www.mango-surf.com/news/locale/nouvelle-mobilisation-contre-projet-construction-methanier-verdon-agissons-ensemble--995.html
RedirectPermanent /medias/actu_locale_surf/est_parti_protest_vendee_pro_501.php http://www.mango-surf.com/news/locale/est-parti-protest-vendee-pro--996.html
RedirectPermanent /medias/actu_locale_surf/coupe_france_surf_vendeens_en_finale_502.php http://www.mango-surf.com/news/locale/coupe-france-surf-vendeens-en-finale--997.html
RedirectPermanent /medias/actu_locale_surf/vendeen_tristan_guilbaud_gagne_premiere_etape_coupe_france_domicile_504.php http://www.mango-surf.com/news/locale/vendeen-tristan-guilbaud-gagne-premiere-etape-coupe-france-domicile--998.html
RedirectPermanent /medias/actu_locale_surf/petites_mains_dunes_3eme_edition_506.php http://www.mango-surf.com/news/locale/petites-mains-dunes-3eme-edition--999.html
RedirectPermanent /medias/actu_locale_surf/nouveau_president_comite_guadeloupeen_surf_508.php http://www.mango-surf.com/news/locale/nouveau-president-comite-guadeloupeen-surf--1000.html
RedirectPermanent /medias/actu_locale_surf/belle_premiere_journee_biarritz_quiksilver_maider_arosteguy_512.php http://www.mango-surf.com/news/locale/belle-premiere-journee-biarritz-quiksilver-maider-arosteguy--1001.html
RedirectPermanent /medias/actu_locale_surf/championnat_guadeloupe_2009_511.php http://www.mango-surf.com/news/locale/championnat-guadeloupe-2009--1002.html
RedirectPermanent /medias/actu_locale_surf/alizee_arnaud_eric_rebiere_remportent_quiksilver_maider_arosteguy_en_open_513.php http://www.mango-surf.com/news/locale/alizee-arnaud-eric-rebiere-remportent-quiksilver-maider-arosteguy-en-open--1003.html
RedirectPermanent /medias/actu_locale_surf/lacanau_gliss_festival_institution_monde_glisse_514.php http://www.mango-surf.com/news/locale/lacanau-gliss-festival-institution-monde-glisse--1004.html
RedirectPermanent /medias/actu_locale_surf/tahitian_hee_nalu_contest_tamaroa_mac_comb_impose_en_open_516.php http://www.mango-surf.com/news/locale/tahitian-hee-nalu-contest-tamaroa-mac-comb-impose-en-open--1005.html
RedirectPermanent /medias/actu_locale_surf/premiere_etape_billabong_pro_junior_series_tahiti_week_end_518.php http://www.mango-surf.com/news/locale/premiere-etape-billabong-pro-junior-series-tahiti-week-end--1006.html
RedirectPermanent /medias/actu_locale_surf/northpoint_stand_up_paddle_classic_519.php http://www.mango-surf.com/news/locale/northpoint-stand-up-paddle-classic--1007.html
RedirectPermanent /medias/actu_locale_surf/miacs_rendez_vous_inedit_insolite_incontournable_ete_521.php http://www.mango-surf.com/news/locale/miacs-rendez-vous-inedit-insolite-incontournable-ete--1008.html
RedirectPermanent /medias/actu_locale_surf/surf_co_revient_15_17_mai_mimizan_524.php http://www.mango-surf.com/news/locale/surf-co-revient-15-17-mai-mimizan--1009.html
RedirectPermanent /medias/actu_locale_surf/billabong_pro_junior_series_tahitiens_maitres_spot_vairao_525.php http://www.mango-surf.com/news/locale/billabong-pro-junior-series-tahitiens-maitres-spot-vairao--1010.html
RedirectPermanent /medias/actu_locale_surf/big_board_party_2009_526.php http://www.mango-surf.com/news/locale/big-board-party-2009--1011.html
RedirectPermanent /medias/actu_locale_surf/surf_and_skate_contest_2009_ile_re_528.php http://www.mango-surf.com/news/locale/surf-and-skate-contest-2009-ile-re--1012.html
RedirectPermanent /medias/actu_locale_surf/coupes_france_surf_longboard_sup_tandem_torche_531.php http://www.mango-surf.com/news/locale/coupes-france-surf-longboard-sup-tandem-torche--1013.html
RedirectPermanent /medias/actu_locale_surf/coupe_france_bretagne_bilan_premiere_journee_539.php http://www.mango-surf.com/news/locale/coupe-france-bretagne-bilan-premiere-journee--1014.html
RedirectPermanent /medias/actu_locale_surf/resultats_championnat_manche_open_normandie_espoir_532.php http://www.mango-surf.com/news/locale/resultats-championnat-manche-open-normandie-espoir--1015.html
RedirectPermanent /medias/actu_locale_surf/moskito_tour_2009_sausset_pins_533.php http://www.mango-surf.com/news/locale/moskito-tour-2009-sausset-pins--1016.html
RedirectPermanent /medias/actu_locale_surf/poyo_surf_club_organise_etape_king_of_the_groms_536.php http://www.mango-surf.com/news/locale/poyo-surf-club-organise-etape-king-of-the-groms--1017.html
RedirectPermanent /medias/actu_locale_surf/cl_nelson_steve_cleveland_en_session_dedicace_biarritz_anglet_537.php http://www.mango-surf.com/news/locale/cl-nelson-steve-cleveland-en-session-dedicace-biarritz-anglet--1018.html
RedirectPermanent /medias/actu_locale_surf/david_leboulch_remporte_coupe_france_torche_541.php http://www.mango-surf.com/news/locale/david-leboulch-remporte-coupe-france-torche--1019.html
RedirectPermanent /medias/actu_locale_surf/surf_and_skate_contest_2009_vincent_adam_envole_bresil_542.php http://www.mango-surf.com/news/locale/surf-and-skate-contest-2009-vincent-adam-envole-bresil--1020.html
RedirectPermanent /medias/actu_locale_surf/siouville_surf_open_revient_13_14_juin_543.php http://www.mango-surf.com/news/locale/siouville-surf-open-revient-13-14-juin--1021.html
RedirectPermanent /medias/actu_locale_surf/crevettes_tour_2009_love_vieux_boucau_545.php http://www.mango-surf.com/news/locale/crevettes-tour-2009-love-vieux-boucau--1022.html
RedirectPermanent /medias/actu_locale_surf/jean_francois_sarda_neo_bodyboarder_546.php http://www.mango-surf.com/news/locale/jean-francois-sarda-neo-bodyboarder--1023.html
RedirectPermanent /medias/actu_locale_surf/beautiful_day_2009_preparez_boards_affutez_votre_sourire_548.php http://www.mango-surf.com/news/locale/beautiful-day-2009-preparez-boards-affutez-votre-sourire--1024.html
RedirectPermanent /medias/actu_locale_surf/quiksilver_king_of_the_groms_resultats_etape_pointe_torche_549.php http://www.mango-surf.com/news/locale/quiksilver-king-of-the-groms-resultats-etape-pointe-torche--1025.html
RedirectPermanent /medias/actu_locale_surf/sooruz_lacanau_pro_1979_2009_30_ans_french_pro_551.php http://www.mango-surf.com/news/locale/sooruz-lacanau-pro-1979-2009-30-ans-french-pro--1026.html
RedirectPermanent /medias/actu_locale_surf/rip_curl_music_festival_retour_biarritz_552.php http://www.mango-surf.com/news/locale/rip-music-festival-retour-biarritz--1027.html
RedirectPermanent /medias/actu_locale_surf/heiarii_williams_remporte_tahitian_hee_nalu_papara_553.php http://www.mango-surf.com/news/locale/heiarii-williams-remporte-tahitian-hee-nalu-papara--1028.html
RedirectPermanent /medias/actu_locale_surf/diffusion_film_resterons_terre_554.php http://www.mango-surf.com/news/locale/diffusion-film-resterons-terre--1029.html
RedirectPermanent /medias/actu_locale_surf/biarritz_canoe_on_waves_course_pirogues_555.php http://www.mango-surf.com/news/locale/biarritz-canoe-on-waves-course-pirogues--1030.html
RedirectPermanent /medias/actu_locale_surf/bic_kids_one_design_pointe_torche_557.php http://www.mango-surf.com/news/locale/bic-kids-one-design-pointe-torche--1031.html
RedirectPermanent /medias/actu_locale_surf/hoalen_paddlerace_crossing_3eme_edition_558.php http://www.mango-surf.com/news/locale/hoalen-paddlerace-crossing-3eme-edition--1032.html
RedirectPermanent /medias/actu_locale_surf/hoalen_fathers_sons_560.php http://www.mango-surf.com/news/locale/hoalen-fathers-sons--1033.html
RedirectPermanent /medias/actu_locale_surf/moskito_tour_sables_olonne_561.php http://www.mango-surf.com/news/locale/moskito-tour-sables-olonne--1034.html
RedirectPermanent /medias/actu_locale_surf/exposition_kanardo_wallako_surfshop_562.php http://www.mango-surf.com/news/locale/exposition-kanardo-wallako-surfshop--1035.html
RedirectPermanent /medias/actu_locale_surf/bic_kids_one_design_2009_on_fait_bilan_564.php http://www.mango-surf.com/news/locale/bic-kids-one-design-2009-on-fait-bilan--1036.html
RedirectPermanent /medias/actu_locale_surf/surfing_day_plage_anse_salee_566.php http://www.mango-surf.com/news/locale/surfing-day-plage-anse-salee--1037.html
RedirectPermanent /medias/actu_locale_surf/quiksilver_king_of_the_groms_spot_prevent_567.php http://www.mango-surf.com/news/locale/quiksilver-king-of-the-groms-spot-prevent--1038.html
RedirectPermanent /medias/actu_locale_surf/hoalen_paddle_crossing_julien_espinassou_remporte_course_570.php http://www.mango-surf.com/news/locale/hoalen-paddle-crossing-julien-espinassou-remporte-course--1039.html
RedirectPermanent /medias/actu_locale_surf/billabong_girls_days_2009_troisieme_edition_reussie_572.php http://www.mango-surf.com/news/locale/billabong-girls-days-2009-troisieme-edition-reussie--1040.html
RedirectPermanent /medias/actu_locale_surf/kiwi_surf_festival_2009_573.php http://www.mango-surf.com/news/locale/kiwi-surf-festival-2009--1041.html
RedirectPermanent /medias/actu_locale_surf/siouville_surf_open_10_operation_reussie_575.php http://www.mango-surf.com/news/locale/siouville-surf-open-10-operation-reussie--1042.html
RedirectPermanent /medias/actu_locale_surf/delpero_dupont_remportent_coupe_france_longboard_lacanau_577.php http://www.mango-surf.com/news/locale/delpero-dupont-remportent-coupe-france-longboard-lacanau--1043.html
RedirectPermanent /medias/actu_locale_surf/naosol_the_waxx_blend_en_live_guest_neill_surf_nuit_14_aout_anglet_578.php http://www.mango-surf.com/news/locale/naosol-the-waxx-blend-en-live-guest-neill-surf-nuit-14-aout-anglet--1044.html
RedirectPermanent /medias/actu_locale_surf/bodysurf_joel_badina_place_hawaii_579.php http://www.mango-surf.com/news/locale/bodysurf-joel-badina-place-hawaii--1045.html
RedirectPermanent /medias/actu_locale_surf/presentation_championnats_france_espoirs_2009_580.php http://www.mango-surf.com/news/locale/presentation-championnats-france-espoirs-2009--1046.html
RedirectPermanent /medias/actu_locale_surf/stop_vague_toxique_581.php http://www.mango-surf.com/news/locale/stop-vague-toxique--1047.html
RedirectPermanent /medias/actu_locale_surf/plages_fermees_marseille_en_sera_en_2015_directive_plus_stricte_582.php http://www.mango-surf.com/news/locale/plages-fermees-marseille-en-sera-en-2015-directive-plus-stricte--1048.html
RedirectPermanent /medias/actu_locale_surf/matt_yerxa_en_visite_chez_uwl_pendant_mois_aout_583.php http://www.mango-surf.com/news/locale/matt-yerxa-en-visite-chez-uwl-pendant-mois-aout--1049.html
RedirectPermanent /medias/actu_locale_surf/diffusion_film_seigneurs_mer_jeudi_aout_biarritz_586.php http://www.mango-surf.com/news/locale/diffusion-film-seigneurs-mer-jeudi-aout-biarritz--1050.html
RedirectPermanent /medias/actu_locale_surf/exposition_surfing_art_by_shapers_587.php http://www.mango-surf.com/news/locale/exposition-surfing-art-by-shapers--1051.html
RedirectPermanent /medias/actu_locale_surf/tom_wegener_pere_alaias_annees_2000_est_bidart_semaine_prochaine_588.php http://www.mango-surf.com/news/locale/tom-wegener-pere-alaias-annees-2000-est-bidart-semaine-prochaine--1052.html
RedirectPermanent /medias/actu_locale_surf/surf_sunset_music_1ere_compilation_rock_food_hossegor_589.php http://www.mango-surf.com/news/locale/surf-sunset-music-1ere-compilation-rock-food-hossegor--1053.html
RedirectPermanent /medias/actu_locale_surf/stand_up_run_course_inedite_suivre_vendredi_14_aout_plage_miramar_590.php http://www.mango-surf.com/news/locale/stand-up-run-course-inedite-suivre-vendredi-14-aout-plage-miramar--1054.html
RedirectPermanent /medias/actu_locale_surf/neill_surf_nuit_2009_spectacle_assure_malgre_manque_vagues_593.php http://www.mango-surf.com/news/locale/neill-surf-nuit-2009-spectacle-assure-malgre-manque-vagues--1055.html
RedirectPermanent /medias/actu_locale_surf/stand_up_run_ludovic_dulou_remporte_course_595.php http://www.mango-surf.com/news/locale/stand-up-run-ludovic-dulou-remporte-course--1056.html
RedirectPermanent /medias/actu_locale_surf/extreme_tahitien_exporte_en_europe_596.php http://www.mango-surf.com/news/locale/extreme-tahitien-exporte-en-europe--1057.html
RedirectPermanent /medias/actu_locale_surf/royal_barrique_est_retour_597.php http://www.mango-surf.com/news/locale/royal-barrique-est-retour--1058.html
RedirectPermanent /medias/actu_locale_surf/grosse_serie_surf_eco_actions_musique_max_respect_599.php http://www.mango-surf.com/news/locale/grosse-serie-surf-eco-actions-musique-max-respect--1059.html
RedirectPermanent /medias/actu_locale_surf/films_surf_surfeurs_pros_en_pays_bigouden_600.php http://www.mango-surf.com/news/locale/films-surf-surfeurs-pros-en-pays-bigouden--1060.html
RedirectPermanent /medias/actu_locale_surf/vans_royal_single_trophee_retro_returns_601.php http://www.mango-surf.com/news/locale/vans-royal-single-trophee-retro-returns--1061.html
RedirectPermanent /medias/actu_locale_surf/jake_shimabukuro_posera_son_ukulele_new_morning_24_septembre_2009_604.php http://www.mango-surf.com/news/locale/jake-shimabukuro-posera-son-ukulele-new-morning-24-septembre-2009--1062.html
RedirectPermanent /medias/actu_locale_surf/vqs_crozon_thomas_esquillot_impose_en_open_605.php http://www.mango-surf.com/news/locale/vqs-crozon-thomas-esquillot-impose-en-open--1063.html
RedirectPermanent /medias/actu_locale_surf/coupe_france_longboard_tandem_stand_up_paddle_week_end_montalivet_606.php http://www.mango-surf.com/news/locale/coupe-france-longboard-tandem-stand-up-paddle-week-end-montalivet--1064.html
RedirectPermanent /medias/actu_locale_surf/lacanau_watermen_ocean_games_2009_607.php http://www.mango-surf.com/news/locale/lacanau-watermen-ocean-games-2009--1065.html
RedirectPermanent /medias/actu_locale_surf/fred_robin_remporte_royal_barrique_2009_608.php http://www.mango-surf.com/news/locale/fred-robin-remporte-royal-barrique-2009--1066.html
RedirectPermanent /medias/actu_locale_surf/retro_exposition_surfing_art_by_shapers_609.php http://www.mango-surf.com/news/locale/retro-exposition-surfing-art-by-shapers--1067.html
RedirectPermanent /medias/actu_locale_surf/echange_afrique_sud_st_leu_surf_club_610.php http://www.mango-surf.com/news/locale/echange-afrique-sud-st-leu-surf-club--1068.html
RedirectPermanent /medias/actu_locale_surf/presentation_vqs_reunion_plage_bassins_611.php http://www.mango-surf.com/news/locale/presentation-vqs-reunion-plage-bassins--1069.html
RedirectPermanent /medias/actu_locale_surf/championnats_france_premiere_journee_chargee_612.php http://www.mango-surf.com/news/locale/championnats-france-premiere-journee-chargee--1070.html
RedirectPermanent /medias/actu_locale_surf/vincent_duvignac_amandine_sanchez_champions_france_2009_615.php http://www.mango-surf.com/news/locale/vincent-duvignac-amandine-sanchez-champions-france-2009--1071.html
RedirectPermanent /medias/actu_locale_surf/roxane_bonnet_championne_france_bodyboard_616.php http://www.mango-surf.com/news/locale/roxane-bonnet-championne-france-bodyboard--1072.html
RedirectPermanent /medias/actu_locale_surf/championnats_france_2009_final_en_apotheose_617.php http://www.mango-surf.com/news/locale/championnats-france-2009-final-en-apotheose--1073.html
RedirectPermanent /medias/actu_locale_surf/presentation_coupe_martinique_2009_2010_619.php http://www.mango-surf.com/news/locale/presentation-coupe-martinique-2009-2010--1074.html
RedirectPermanent /medias/actu_locale_surf/the_drifter_avant_premiere_biarritz_620.php http://www.mango-surf.com/news/locale/the-drifter-avant-premiere-biarritz--1075.html
RedirectPermanent /medias/actu_locale_surf/jocelyn_poulou_heremoana_luciani_obtiennent_wild_card_australie_622.php http://www.mango-surf.com/news/locale/jocelyn-poulou-heremoana-luciani-obtiennent-wild-card-australie--1076.html
RedirectPermanent /medias/actu_locale_surf/swell_noel_en_guadeloupe_semaines_non_stop_apotheose_28_29_12_628.php http://www.mango-surf.com/news/locale/swell-noel-en-guadeloupe-semaines-non-stop-apotheose-28-29-12--1077.html
RedirectPermanent /medias/actu_locale_surf/coupe_surf_open_noel_anse_bertrand_swell_en_cadeau_629.php http://www.mango-surf.com/news/locale/coupe-surf-open-noel-anse-bertrand-swell-en-cadeau--1078.html
RedirectPermanent /medias/actu_locale_surf/pacific_extreme_surf_challenge_631.php http://www.mango-surf.com/news/locale/pacific-extreme-surf-challenge--1079.html
RedirectPermanent /medias/actu_locale_surf/1ere_etape_pacific_extreme_surf_challenge_papenoo_conditions_ideales_airs_633.php http://www.mango-surf.com/news/locale/1ere-etape-pacific-extreme-surf-challenge-papenoo-conditions-ideales-airs--1080.html
RedirectPermanent /medias/actu_locale_surf/competition_espoir_guadeloupe_fevrier_heavy_635.php http://www.mango-surf.com/news/locale/competition-espoir-guadeloupe-fevrier-heavy--1081.html
RedirectPermanent /medias/actu_locale_surf/conditions_extremes_1ere_etape_championnat_federal_masculin_polynesien_636.php http://www.mango-surf.com/news/locale/conditions-extremes-1ere-etape-championnat-federal-masculin-polynesien--1082.html
RedirectPermanent /medias/actu_locale_surf/vahine_surf_tour_2010_637.php http://www.mango-surf.com/news/locale/vahine-surf-tour-2010--1083.html
RedirectPermanent /medias/actu_locale_surf/lanikai_maro_remporte_1ere_etape_coca_cola_light_vahine_surf_tour_2010_638.php http://www.mango-surf.com/news/locale/lanikai-maro-remporte-1ere-etape-coca-cola-light-vahine-surf-tour-2010--1084.html
RedirectPermanent /medias/actu_locale_surf/presentation_biarritz_quiksilver_maider_arosteguy_640.php http://www.mango-surf.com/news/locale/presentation-biarritz-quiksilver-maider-arosteguy--1085.html
RedirectPermanent /medias/actu_locale_surf/nouveau_site_web_rt_surfboards_642.php http://www.mango-surf.com/news/locale/nouveau-site-web-rt-surfboards--1086.html
RedirectPermanent /medias/actu_locale_surf/resultats_8eme_edition_toa_taurea_643.php http://www.mango-surf.com/news/locale/resultats-8eme-edition-toa-taurea--1087.html
RedirectPermanent /medias/actu_locale_surf/resultats_body_long_knee_stand_up_paddle_644.php http://www.mango-surf.com/news/locale/resultats-body-long-knee-stand-up-paddle--1088.html
RedirectPermanent /medias/actu_locale_surf/beautiful_day_surf_store_expo_photos_yannick_toquin_645.php http://www.mango-surf.com/news/locale/beautiful-day-surf-store-expo-photos-yannick-toquin--1089.html
RedirectPermanent /medias/actu_locale_surf/saint_martin_wave_show_2010_nuit_glisse_waikiki_beach_648.php http://www.mango-surf.com/news/locale/saint-martin-wave-show-2010-nuit-glisse-waikiki-beach--1090.html
RedirectPermanent /medias/actu_locale_surf/ouverture_boutique_oxbow_lorient_649.php http://www.mango-surf.com/news/locale/ouverture-boutique-oxbow-lorient--1091.html
RedirectPermanent /medias/actu_locale_surf/houle_consistante_biarritz_maider_arosteguy_650.php http://www.mango-surf.com/news/locale/houle-consistante-biarritz-maider-arosteguy--1092.html
RedirectPermanent /medias/actu_locale_surf/maider_arosteguy_2010_vasco_ribiero_survole_series_cadets_652.php http://www.mango-surf.com/news/locale/maider-arosteguy-2010-vasco-ribiero-survole-series-cadets--1093.html
RedirectPermanent /medias/actu_locale_surf/thomas_bady_alizee_arnaud_remportent_biarritz_maider_arosteguy_653.php http://www.mango-surf.com/news/locale/thomas-bady-alizee-arnaud-remportent-biarritz-maider-arosteguy--1094.html
RedirectPermanent /medias/actu_locale_surf/soiree_spring_break_2010_road_surf_club_654.php http://www.mango-surf.com/news/locale/soiree-spring-break-2010-road-surf-club--1095.html
RedirectPermanent /medias/actu_locale_surf/luciani_heremoana_domine_largement_seconde_etape_tahitian_heenalu_contest_655.php http://www.mango-surf.com/news/locale/luciani-heremoana-domine-largement-seconde-etape-tahitian-heenalu-contest--1096.html
RedirectPermanent /medias/actu_locale_surf/enigma_ouvre_nouvelle_boutique_bordeaux_657.php http://www.mango-surf.com/news/locale/enigma-ouvre-nouvelle-boutique-bordeaux--1097.html
RedirectPermanent /medias/actu_locale_surf/bixente_peyo_lizarazu_ludovic_dulou_remportent_odyssee_flocon_vague_658.php http://www.mango-surf.com/news/locale/bixente-peyo-lizarazu-ludovic-dulou-remportent-odyssee-flocon-vague--1098.html
RedirectPermanent /medias/actu_locale_surf/deuxieme_etape_crevettes_tour_2010_659.php http://www.mango-surf.com/news/locale/deuxieme-etape-crevettes-tour-2010--1099.html
RedirectPermanent /medias/actu_locale_surf/festival_bodyboard_2010_660.php http://www.mango-surf.com/news/locale/festival-bodyboard-2010--1100.html
RedirectPermanent /medias/actu_locale_surf/resultats_2eme_etape_coca_cola_teen_surf_session_661.php http://www.mango-surf.com/news/locale/resultats-2eme-etape-coca-cola-teen-surf-session--1101.html
RedirectPermanent /medias/actu_locale_surf/jeremy_arnoux_remporte_etape_tour_europeen_bodyboard_anglet_663.php http://www.mango-surf.com/news/locale/jeremy-arnoux-remporte-etape-tour-europeen-bodyboard-anglet--1102.html
RedirectPermanent /medias/actu_locale_surf/retour_etape_crevettes_tour_soustons_664.php http://www.mango-surf.com/news/locale/retour-etape-crevettes-tour-soustons--1103.html
RedirectPermanent /medias/actu_locale_surf/campbell_brothers_en_france_chez_uwl_24_mai_juin_665.php http://www.mango-surf.com/news/locale/campbell-brothers-en-france-chez-uwl-24-mai-juin--1104.html
RedirectPermanent /medias/actu_locale_surf/heiarii_williams_remporte_taapuna_master_2010_tahiti_666.php http://www.mango-surf.com/news/locale/heiarii-williams-remporte-taapuna-master-2010-tahiti--1105.html
RedirectPermanent /medias/actu_locale_surf/ron_house_gerry_lopez_stand_up_paddle_world_tour_667.php http://www.mango-surf.com/news/locale/ron-house-gerry-lopez-stand-up-paddle-world-tour--1106.html
RedirectPermanent /medias/actu_locale_surf/jour_off_ron_house_gerry_lopez_stand_up_paddle_668.php http://www.mango-surf.com/news/locale/jour-off-ron-house-gerry-lopez-stand-up-paddle--1107.html
RedirectPermanent /medias/actu_locale_surf/ron_house_gerry_lopez_stand_up_expression_session_669.php http://www.mango-surf.com/news/locale/ron-house-gerry-lopez-stand-up-expression-session--1108.html
RedirectPermanent /medias/actu_locale_surf/antoine_delpero_remporte_deuxieme_etape_stand_up_paddle_world_tour_670.php http://www.mango-surf.com/news/locale/antoine-delpero-remporte-deuxieme-etape-stand-up-paddle-world-tour--1109.html
RedirectPermanent /medias/actu_locale_surf/1er_defi_baule_28_30_mai_671.php http://www.mango-surf.com/news/locale/1er-defi-baule-28-30-mai--1110.html
RedirectPermanent /medias/actu_locale_surf/presentation_siouville_surf_open_673.php http://www.mango-surf.com/news/locale/presentation-siouville-surf-open--1111.html
RedirectPermanent /medias/actu_locale_surf/presentation_vqs_cap_ferret_674.php http://www.mango-surf.com/news/locale/presentation-vqs-cap-ferret--1112.html
RedirectPermanent /medias/actu_locale_surf/belle_journee_pink_granit_sup_event_675.php http://www.mango-surf.com/news/locale/belle-journee-pink-granit-sup-event--1113.html
RedirectPermanent /medias/actu_locale_surf/presentation_king_of_the_groms_torche_676.php http://www.mango-surf.com/news/locale/presentation-king-of-the-groms-torche--1114.html
RedirectPermanent /medias/actu_locale_surf/pacific_contest_tahiti_2010_extreme_surf_challenge_677.php http://www.mango-surf.com/news/locale/pacific-contest-tahiti-2010-extreme-surf-challenge--1115.html
RedirectPermanent /medias/actu_locale_surf/surf_extreme_surf_challenge_patricia_rossi_revient_en_force_678.php http://www.mango-surf.com/news/locale/surf-extreme-surf-challenge-patricia-rossi-revient-en-force--1116.html
RedirectPermanent /medias/actu_locale_surf/presentation_vqs_hossegor_679.php http://www.mango-surf.com/news/locale/presentation-vqs-hossegor--1117.html
RedirectPermanent /medias/actu_locale_surf/horue_itinui_tamarii_2010_plus_50_jeunes_ont_repondu_presents_680.php http://www.mango-surf.com/news/locale/horue-itinui-tamarii-2010-plus-50-jeunes-ont-repondu-presents--1118.html
RedirectPermanent /medias/actu_locale_surf/oxbow_totally_bananas_tour_bidart_681.php http://www.mango-surf.com/news/locale/oxbow-totally-bananas-tour-bidart--1119.html
RedirectPermanent /medias/actu_locale_surf/ride_rose_2010_franc_succes_682.php http://www.mango-surf.com/news/locale/ride-rose-2010-franc-succes--1120.html
RedirectPermanent /medias/actu_locale_surf/kiwi_surf_festival_2010_683.php http://www.mango-surf.com/news/locale/kiwi-surf-festival-2010--1121.html
RedirectPermanent /medias/actu_locale_surf/vqs_mullet_fish_cap_ferret_thomas_bady_impose_en_open_684.php http://www.mango-surf.com/news/locale/vqs-mullet-fish-cap-ferret-thomas-bady-impose-en-open--1122.html
RedirectPermanent /medias/actu_locale_surf/duo_maurin_pere_fils_remporte_3eme_edition_hoalen_fathers_and_sons_685.php http://www.mango-surf.com/news/locale/duo-maurin-pere-fils-remporte-3eme-edition-hoalen-fathers-and-sons--1123.html
RedirectPermanent /medias/actu_locale_surf/coca_cola_light_vahine_surf_tour_trentaine_filles_deuxieme_journee_taharuu_686.php http://www.mango-surf.com/news/locale/coca-cola-light-vahine-surf-tour-trentaine-filles-deuxieme-journee-taharuu--1124.html
RedirectPermanent /medias/actu_locale_surf/tahiti_rautirare_open_10_est_parti_687.php http://www.mango-surf.com/news/locale/tahiti-rautirare-open-10-est-parti--1125.html
RedirectPermanent /medias/actu_locale_surf/moskito_tour_2010_est_retour_en_mediterranee_688.php http://www.mango-surf.com/news/locale/moskito-tour-2010-est-retour-en-mediterranee--1126.html
RedirectPermanent /medias/actu_locale_surf/polynesiens_maitres_domicile_1ere_edition_contest_surf_rautirare_689.php http://www.mango-surf.com/news/locale/polynesiens-maitres-domicile-1ere-edition-contest-surf-rautirare--1127.html
RedirectPermanent /medias/actu_locale_surf/retrouvez_coupes_france_stand_up_paddle_longboard_tandem_we_montalivet_690.php http://www.mango-surf.com/news/locale/retrouvez-coupes-france-stand-up-paddle-longboard-tandem-we-montalivet--1128.html
RedirectPermanent /medias/actu_locale_surf/commission_cohesion_sociale_ffs_association_surf_insertion_honneur_691.php http://www.mango-surf.com/news/locale/commission-cohesion-sociale-ffs-association-surf-insertion-honneur--1129.html
RedirectPermanent /medias/actu_locale_surf/carton_plein_biscarrosse_commission_eco_surf_honneur_692.php http://www.mango-surf.com/news/locale/carton-plein-biscarrosse-commission-eco-surf-honneur--1130.html
RedirectPermanent /medias/actu_locale_surf/week_end_vacances_sportif_journees_decouverte_surf_693.php http://www.mango-surf.com/news/locale/week-end-vacances-sportif-journees-decouverte-surf--1131.html
RedirectPermanent /medias/actu_locale_surf/bic_kids_one_design_2010_victoire_gaspard_larsonneur_jill_deniel_enzo_guyader_694.php http://www.mango-surf.com/news/locale/bic-kids-one-design-2010-victoire-gaspard-larsonneur-jill-deniel-enzo-guyader--1132.html
RedirectPermanent /medias/actu_locale_surf/surf_en_vendee_695.php http://www.mango-surf.com/news/locale/surf-en-vendee--1133.html
RedirectPermanent /medias/actu_locale_surf/resultats_blks3_696.php http://www.mango-surf.com/news/locale/resultats-blks3--1134.html
RedirectPermanent /medias/actu_locale_surf/bud_bud_contest_2010_13eme_edition_699.php http://www.mango-surf.com/news/locale/bud-bud-contest-2010-13eme-edition--1135.html
RedirectPermanent /medias/actu_locale_surf/teisseire_kid_week_waterman_tour_704.php http://www.mango-surf.com/news/locale/teisseire-kid-week-waterman-tour--1136.html
RedirectPermanent /medias/actu_locale_surf/kiwi_surf_festival_705.php http://www.mango-surf.com/news/locale/kiwi-surf-festival--1137.html
RedirectPermanent /medias/actu_locale_surf/breteam_girls_festival_706.php http://www.mango-surf.com/news/locale/breteam-girls-festival--1138.html
RedirectPermanent /medias/actu_locale_surf/grosse_serie_707.php http://www.mango-surf.com/news/locale/grosse-serie--1139.html
RedirectPermanent /medias/actu_locale_surf/vqs_mulletfish_surf_serie_crozon_711.php http://www.mango-surf.com/news/locale/vqs-mulletfish-surf-serie-crozon--1140.html
RedirectPermanent /medias/actu_locale_surf/resultats_moskito_tour_hossegor_712.php http://www.mango-surf.com/news/locale/resultats-moskito-tour-hossegor--1141.html
RedirectPermanent /medias/actu_locale_surf/coca_cola_light_vahine_surf_tour_tres_faible_participation_715.php http://www.mango-surf.com/news/locale/coca-cola-light-vahine-surf-tour-tres-faible-participation--1142.html
RedirectPermanent /medias/actu_locale_surf/caribbean_junior_surf_festival_barbados_guadeloupe_plus_hautes_marches_podium_714.php http://www.mango-surf.com/news/locale/caribbean-junior-surf-festival-barbados-guadeloupe-plus-hautes-marches-podium--1143.html
RedirectPermanent /medias/actu_locale_surf/jeff_mccallum_en_france_05_12_decembre_ateliers_uwl_721.php http://www.mango-surf.com/news/locale/jeff-mccallum-en-france-05-12-decembre-ateliers-uwl--1144.html
RedirectPermanent /medias/actu_locale_surf/nathan_hele_remporte_coupe_france_crohot_717.php http://www.mango-surf.com/news/locale/nathan-hele-remporte-coupe-france-crohot--1145.html
RedirectPermanent /medias/actu_locale_surf/vqs_dodo_fish_reunion_718.php http://www.mango-surf.com/news/locale/vqs-dodo-fish-reunion--1146.html
RedirectPermanent /medias/actu_locale_surf/ceremonie_en_hommage_andy_irons_dimanche_novembre_papenoo_719.php http://www.mango-surf.com/news/locale/ceremonie-en-hommage-andy-irons-dimanche-novembre-papenoo--1147.html
RedirectPermanent /medias/actu_locale_surf/vqs_dodo_fish_reunion_720.php http://www.mango-surf.com/news/locale/vqs-dodo-fish-reunion--1148.html
RedirectPermanent /medias/actu_locale_surf/nouveau_site_v3_road_surf_club_est_deja_pied_sapin_722.php http://www.mango-surf.com/news/locale/nouveau-site-v3-road-surf-club-est-deja-pied-sapin--1149.html
RedirectPermanent /medias/actu_locale_surf/ava_ava_nui_longboard_classic_723.php http://www.mango-surf.com/news/locale/ava-ava-nui-longboard-classic--1150.html
RedirectPermanent /medias/actu_locale_surf/kerou_beach_party_part_iv_23_24_avril_2011_724.php http://www.mango-surf.com/news/locale/kerou-beach-party-part-iv-23-24-avril-2011--1151.html
RedirectPermanent /medias/actu_locale_surf/10eme_panamericaine_surfing_game_deroulera_en_guadeloupe_725.php http://www.mango-surf.com/news/locale/10eme-panamericaine-surfing-game-deroulera-en-guadeloupe--1152.html
RedirectPermanent /medias/actu_locale_surf/ride_rose_revient_montagne_neill_726.php http://www.mango-surf.com/news/locale/ride-rose-revient-montagne-neill--1153.html
RedirectPermanent /medias/actu_locale_surf/championnat_tahiti_demarre_week_end_longknee_stand_up_paddle_tour_727.php http://www.mango-surf.com/news/locale/championnat-tahiti-demarre-week-end-longknee-stand-up-paddle-tour--1154.html
RedirectPermanent /medias/actu_locale_surf/capbreton_junior_winter_challenge_729.php http://www.mango-surf.com/news/locale/capbreton-junior-winter-challenge--1155.html
RedirectPermanent /medias/actu_locale_surf/projections_film_surf_en_plein_air_730.php http://www.mango-surf.com/news/locale/projections-film-surf-en-plein-air--1156.html
RedirectPermanent /medias/actu_locale_surf/jean_baptiste_prunier_remporte_1ere_etape_coca_cola_teen_surf_session_731.php http://www.mango-surf.com/news/locale/jean-baptiste-prunier-remporte-1ere-etape-coca-cola-teen-surf-session--1157.html
RedirectPermanent /medias/actu_locale_surf/billabong_pro_junior_series_2011_est_reparti_tour_732.php http://www.mango-surf.com/news/locale/billabong-pro-junior-series-2011-est-reparti-tour--1158.html
RedirectPermanent /medias/actu_locale_surf/billabong_pro_junior_series_tahutini_teoro_en_tete_classement_733.php http://www.mango-surf.com/news/locale/billabong-pro-junior-series-tahutini-teoro-en-tete-classement--1159.html
RedirectPermanent /medias/actu_locale_surf/kerou_beach_party_part_iv_735.php http://www.mango-surf.com/news/locale/kerou-beach-party-part-iv--1160.html
RedirectPermanent /medias/actu_locale_surf/presentation_xeme_pan_american_surfing_games_2011_737.php http://www.mango-surf.com/news/locale/presentation-xeme-pan-american-surfing-games-2011--1161.html
RedirectPermanent /medias/actu_locale_surf/resultat_premiere_etape_crevettes_tour_2011_738.php http://www.mango-surf.com/news/locale/resultat-premiere-etape-crevettes-tour-2011--1162.html
RedirectPermanent /medias/actu_locale_surf/volcom_qualfying_series_debarque_anglet_740.php http://www.mango-surf.com/news/locale/volcom-qualfying-series-debarque-anglet--1163.html
RedirectPermanent /medias/actu_locale_surf/crevettes_surf_tour_capbreton_2eme_etape_741.php http://www.mango-surf.com/news/locale/crevettes-surf-tour-capbreton-2eme-etape--1164.html
RedirectPermanent /medias/actu_locale_surf/crevettes_surf_tour_hossegor_3eme_etape_742.php http://www.mango-surf.com/news/locale/crevettes-surf-tour-hossegor-3eme-etape--1165.html
RedirectPermanent /medias/actu_locale_surf/steeve_seilly_champion_landes_open_743.php http://www.mango-surf.com/news/locale/steeve-seilly-champion-landes-open--1166.html
RedirectPermanent /medias/actu_locale_surf/resultats_rip_curl_bask_tour_2011_744.php http://www.mango-surf.com/news/locale/resultats-rip-bask-tour-2011--1167.html
RedirectPermanent /medias/actu_locale_surf/presentation_tahiti_rautiare_open_11_745.php http://www.mango-surf.com/news/locale/presentation-tahiti-rautiare-open-11--1168.html
RedirectPermanent /medias/actu_locale_surf/pitchoun_tour_vieux_boucau_747.php http://www.mango-surf.com/news/locale/pitchoun-tour-vieux-boucau--1169.html
RedirectPermanent /medias/actu_locale_surf/marcio_zouvi_debarque_chez_uwl_en_aout_748.php http://www.mango-surf.com/news/locale/marcio-zouvi-debarque-chez-uwl-en-aout--1170.html
RedirectPermanent /medias/actu_locale_surf/hurley_pitchoun_tour_capbreton_749.php http://www.mango-surf.com/news/locale/hurley-pitchoun-tour-capbreton--1171.html
RedirectPermanent /medias/actu_locale_surf/presentation_ride_rose_skate_surf_2011_750.php http://www.mango-surf.com/news/locale/presentation-ride-rose-skate-surf-2011--1172.html
RedirectPermanent /medias/actu_locale_surf/resultats_hurley_pitchoun_tour_2011_751.php http://www.mango-surf.com/news/locale/resultats-hurley-pitchoun-tour-2011--1173.html
RedirectPermanent /medias/actu_locale_surf/retour_challenge_miss_754.php http://www.mango-surf.com/news/locale/retour-challenge-miss--1174.html
RedirectPermanent /medias/actu_locale_surf/uwl_invite_shapers_internationaux_755.php http://www.mango-surf.com/news/locale/uwl-invite-shapers-internationaux--1175.html
RedirectPermanent /medias/actu_locale_surf/vqs_mulletfish_surf_series_hossegor_756.php http://www.mango-surf.com/news/locale/vqs-mulletfish-surf-series-hossegor--1176.html
RedirectPermanent /medias/actu_locale_surf/rafael_debierre_vice_champion_guadeloupe_760.php http://www.mango-surf.com/news/locale/rafael-debierre-vice-champion-guadeloupe--1177.html
RedirectPermanent /medias/actu_locale_surf/concours_photos_stand_up_paddle_pagaie_gagner_764.php http://www.mango-surf.com/news/locale/concours-photos-stand-up-paddle-pagaie-gagner--1178.html
RedirectPermanent /medias/actu_locale_surf/titres_champions_landes_2011_ont_ete_decerne_761.php http://www.mango-surf.com/news/locale/titres-champions-landes-2011-ont-ete-decerne--1179.html
RedirectPermanent /medias/actu_locale_surf/celine_chat_expose_supermarche_art_contemporain_763.php http://www.mango-surf.com/news/locale/celine-chat-expose-supermarche-art-contemporain--1180.html
RedirectPermanent /medias/actu_locale_surf/magnifique_swell_fin_annee_en_guadeloupe_766.php http://www.mango-surf.com/news/locale/magnifique-swell-fin-annee-en-guadeloupe--1181.html
RedirectPermanent /medias/actu_locale_surf/yohan_tessier_remporte_master_2012_770.php http://www.mango-surf.com/news/locale/yohan-tessier-remporte-master-2012--1182.html
RedirectPermanent /medias/actu_locale_surf/coupe_bretagne_longboard_sup_resultats_772.php http://www.mango-surf.com/news/locale/coupe-bretagne-longboard-sup-resultats--1183.html
RedirectPermanent /medias/actu_locale_surf/presentation_bic_kid_one_design_2012_773.php http://www.mango-surf.com/news/locale/presentation-bic-kid-one-design-2012--1184.html
RedirectPermanent /medias/actu_locale_surf/pure_exposition_774.php http://www.mango-surf.com/news/locale/pure-exposition--1185.html
RedirectPermanent /medias/actu_locale_surf/biarritz_quiksilver_maider_arosteguy_est_parti_775.php http://www.mango-surf.com/news/locale/biarritz-quiksilver-maider-arosteguy-est-parti--1186.html
RedirectPermanent /medias/actu_locale_surf/biarritz_quiksilver_maider_arosteguy_pv_laborde_en_forme_776.php http://www.mango-surf.com/news/locale/biarritz-quiksilver-maider-arosteguy-pv-laborde-en-forme--1187.html
RedirectPermanent /medias/actu_locale_surf/malcolm_campbell_actuellement_chez_uwl_777.php http://www.mango-surf.com/news/locale/malcolm-campbell-actuellement-chez-uwl--1188.html
RedirectPermanent /medias/actu_locale_surf/pagaille_kids_en_cap_sizun_week_end_paques_778.php http://www.mango-surf.com/news/locale/pagaille-kids-en-cap-sizun-week-end-paques--1189.html
RedirectPermanent /medias/actu_locale_surf/maxime_huscenot_maud_lecar_remportent_biarritz_quiksilver_maider_arosteguy_779.php http://www.mango-surf.com/news/locale/maxime-huscenot-maud-lecar-remportent-biarritz-quiksilver-maider-arosteguy--1190.html
RedirectPermanent /medias/actu_locale_surf/collecte_combinaisons_usees_montalivet_780.php http://www.mango-surf.com/news/locale/collecte-combinaisons-usees-montalivet--1191.html
RedirectPermanent /medias/actu_locale_surf/shaper_marcio_zouvi_en_france_partir_20_mai_781.php http://www.mango-surf.com/news/locale/shaper-marcio-zouvi-en-france-partir-20-mai--1192.html
RedirectPermanent /medias/actu_locale_surf/arthur_lassee_champion_landes_open_783.php http://www.mango-surf.com/news/locale/arthur-lassee-champion-landes-open--1193.html
RedirectPermanent /medias/actu_locale_surf/exposition_surf_art_joelle_kem_lika_784.php http://www.mango-surf.com/news/locale/exposition-surf-art-joelle-kem-lika--1194.html
RedirectPermanent /medias/actu_locale_surf/est_parti_crevettes_tour_2012_785.php http://www.mango-surf.com/news/locale/est-parti-crevettes-tour-2012--1195.html
RedirectPermanent /medias/actu_locale_surf/presentation_siouville_surf_open_2012_786.php http://www.mango-surf.com/news/locale/presentation-siouville-surf-open-2012--1196.html
RedirectPermanent /medias/actu_locale_surf/bic_one_design_2012_participation_record_seconde_etape_penhors_787.php http://www.mango-surf.com/news/locale/bic-one-design-2012-participation-record-seconde-etape-penhors--1197.html
RedirectPermanent /medias/actu_locale_surf/super_pigne_challenge_788.php http://www.mango-surf.com/news/locale/super-pigne-challenge--1198.html
RedirectPermanent /medias/actu_locale_surf/crevettes_tour_quiksilver_capbreton_rameute_foules_789.php http://www.mango-surf.com/news/locale/crevettes-tour-quiksilver-capbreton-rameute-foules--1199.html
RedirectPermanent /medias/actu_locale_surf/lufi_bzh_test_drive_tour_trestraou_07_dossen_07_2012_790.php http://www.mango-surf.com/news/locale/lufi-bzh-test-drive-tour-trestraou-07-dossen-07-2012--1200.html
RedirectPermanent /medias/actu_locale_surf/bic_kid_one_design_2012_aurelien_buffet_mael_dauguet_jill_deniel_imposent_torche_791.php http://www.mango-surf.com/news/locale/bic-kid-one-design-2012-aurelien-buffet-mael-dauguet-jill-deniel-imposent-torche--1201.html
RedirectPermanent /medias/actu_locale_surf/moby_granit_surf_tour_2012_792.php http://www.mango-surf.com/news/locale/moby-granit-surf-tour-2012--1202.html
RedirectPermanent /medias/actu_locale_surf/presentation_site_rideonlrcom_100_languedoc_roussillon_796.php http://www.mango-surf.com/news/locale/presentation-site-rideonlrcom-100-languedoc-roussillon--1203.html
RedirectPermanent /medias/actu_locale_surf/aldric_kim_veteau_remportent_seconde_etape_rip_curl_gromsearch_2012_795.php http://www.mango-surf.com/news/locale/aldric-kim-veteau-remportent-seconde-etape-rip-gromsearch-2012--1204.html
RedirectPermanent /medias/actu_locale_surf/resultats_coupes_france_longboard_stand_up_paddle_surf_tandem_797.php http://www.mango-surf.com/news/locale/resultats-coupes-france-longboard-stand-up-paddle-surf-tandem--1205.html
RedirectPermanent /medias/actu_locale_surf/presentation_expo_surfing_art_by_shapers_6eme_editions_800.php http://www.mango-surf.com/news/locale/presentation-expo-surfing-art-by-shapers-6eme-editions--1206.html
RedirectPermanent /medias/actu_locale_surf/presentation_bud_bud_contest_15_799.php http://www.mango-surf.com/news/locale/presentation-bud-bud-contest-15--1207.html
RedirectPermanent /medias/actu_locale_surf/presentation_grosse_serie_8eme_edition_801.php http://www.mango-surf.com/news/locale/presentation-grosse-serie-8eme-edition--1208.html
RedirectPermanent /medias/actu_locale_surf/challenge_miss_roxy_capbreton_802.php http://www.mango-surf.com/news/locale/challenge-miss-roxy-capbreton--1209.html
RedirectPermanent /medias/actu_locale_surf/presentation_sooruz_firefighter_surf_contest_5eme_edition_803.php http://www.mango-surf.com/news/locale/presentation-sooruz-firefighter-surf-contest-5eme-edition--1210.html
RedirectPermanent /medias/actu_locale_surf/australie_debarque_chez_en_france_univers_shapers_meme_pays_804.php http://www.mango-surf.com/news/locale/australie-debarque-chez-en-france-univers-shapers-meme-pays--1211.html
RedirectPermanent /medias/actu_locale_surf/resultats_sooruz_firefighter_surf_contest_2012_805.php http://www.mango-surf.com/news/locale/resultats-sooruz-firefighter-surf-contest-2012--1212.html
RedirectPermanent /medias/actu_locale_surf/resultats_masters_landes_culture_sud_2012_806.php http://www.mango-surf.com/news/locale/resultats-masters-landes-culture-sud-2012--1213.html
RedirectPermanent /medias/actu_locale_surf/titres_champion_landes_2012_ont_ete_decernes_807.php http://www.mango-surf.com/news/locale/titres-champion-landes-2012-ont-ete-decernes--1214.html
RedirectPermanent /medias/actu_locale_surf/gwada_boyz_cartonnent_soup_bowl_junior_pro_2012_809.php http://www.mango-surf.com/news/locale/gwada-boyz-cartonnent-soup-bowl-junior-pro-2012--1215.html
RedirectPermanent /medias/actu_locale_surf/actu_locales.php http://www.mango-surf.com/news/locale/